#
# A fatal error has been detected by the Java Runtime Environment:
#
#  EXCEPTION_ACCESS_VIOLATION (0xc0000005) at pc=0x00007ffa085690bf, pid=21548, tid=3392
#
# JRE version: OpenJDK Runtime Environment Temurin-21.0.7+6 (21.0.7+6) (build 21.0.7+6-LTS)
# Java VM: OpenJDK 64-Bit Server VM Temurin-21.0.7+6 (21.0.7+6-LTS, mixed mode, sharing, tiered, compressed oops, compressed class ptrs, g1 gc, windows-amd64)
# Problematic frame:
# C  0x0000027dda511c60
#
# No core dump will be written. Minidumps are not enabled by default on client versions of Windows
#
# If you would like to submit a bug report, please visit:
#   https://github.com/adoptium/adoptium-support/issues
# The crash happened outside the Java Virtual Machine in native code.
# See problematic frame for where to report the bug.
#

---------------  S U M M A R Y ------------

Command Line: -Declipse.p2.max.threads=10 -Doomph.update.url=https://download.eclipse.org/oomph/updates/milestone/latest -Doomph.redirection.index.redirection=index:/->https://raw.githubusercontent.com/eclipse-oomph/oomph/master/setups/ --add-opens=java.base/java.lang=ALL-UNNAMED -Djava.security.manager=allow -XX:CompileCommand=quiet -XX:CompileCommand=exclude org.eclipse.jdt.internal.core.dom.rewrite.ASTRewriteAnalyzer::getExtendedRange -Dorg.eclipse.ecf.provider.filetransfer.excludeContributors=org.eclipse.ecf.provider.filetransfer.httpclientjava -Dosgi.requiredJavaVersion=21 -Dosgi.instance.area.default=@user.home/eclipse-workspace -Dosgi.dataAreaRequiresExplicitInit=true -Dorg.eclipse.swt.graphics.Resource.reportNonDisposed=true -Declipse.e4.inject.javax.warning=false -Declipse.platform.mergeTrust=true -XX:+UseG1GC -XX:+UseStringDeduplication --add-modules=ALL-SYSTEM Eclipse

Host: 11th Gen Intel(R) Core(TM) i5-1135G7 @ 2.40GHz, 8 cores, 7G,  Windows 11 , 64 bit Build 26100 (10.0.26100.7920)
Time: Mon Apr 13 21:15:17 2026 Hora est. Pacífico, Sudamérica elapsed time: 139.645943 seconds (0d 0h 2m 19s)

---------------  T H R E A D  ---------------

Current thread (0x0000027dbf1487b0):  JavaThread "main"             [_thread_in_native, id=3392, stack(0x000000eeb1000000,0x000000eeb1100000) (1024K)]

Stack: [0x000000eeb1000000,0x000000eeb1100000],  sp=0x000000eeb10fe4d8,  free space=1017k
Native frames: (J=compiled Java code, j=interpreted, Vv=VM code, C=native code)
C  0x00007ffa085690bf

Java frames: (J=compiled Java code, j=interpreted, Vv=VM code)
j  org.eclipse.swt.internal.win32.OS.TrackPopupMenu(JIIIIJLorg/eclipse/swt/internal/win32/RECT;)Z+0
j  org.eclipse.swt.widgets.Menu._setVisible(Z)V+162
J 19826 c2 org.eclipse.swt.widgets.Display.readAndDispatch()Z (94 bytes) @ 0x0000027dcdbc4430 [0x0000027dcdbc2e80+0x00000000000015b0]
j  org.eclipse.e4.ui.internal.workbench.swt.PartRenderingEngine$5.run()V+564
j  org.eclipse.core.databinding.observable.Realm.runWithDefault(Lorg/eclipse/core/databinding/observable/Realm;Ljava/lang/Runnable;)V+12
j  org.eclipse.e4.ui.internal.workbench.swt.PartRenderingEngine.run(Lorg/eclipse/e4/ui/model/application/MApplicationElement;Lorg/eclipse/e4/core/contexts/IEclipseContext;)Ljava/lang/Object;+57
j  org.eclipse.e4.ui.internal.workbench.E4Workbench.createAndRunUI(Lorg/eclipse/e4/ui/model/application/MApplicationElement;)V+20
j  org.eclipse.ui.internal.Workbench.lambda$3(Lorg/eclipse/swt/widgets/Display;Lorg/eclipse/ui/application/WorkbenchAdvisor;[I)V+352
j  org.eclipse.ui.internal.Workbench$$Lambda+0x0000027ddc3e4000.run()V+12
j  org.eclipse.core.databinding.observable.Realm.runWithDefault(Lorg/eclipse/core/databinding/observable/Realm;Ljava/lang/Runnable;)V+12
j  org.eclipse.ui.internal.Workbench.createAndRunWorkbench(Lorg/eclipse/swt/widgets/Display;Lorg/eclipse/ui/application/WorkbenchAdvisor;)I+16
j  org.eclipse.ui.PlatformUI.createAndRunWorkbench(Lorg/eclipse/swt/widgets/Display;Lorg/eclipse/ui/application/WorkbenchAdvisor;)I+2
j  org.eclipse.ui.internal.ide.application.IDEApplication.start(Lorg/eclipse/equinox/app/IApplicationContext;)Ljava/lang/Object;+113
j  org.eclipse.equinox.internal.app.EclipseAppHandle.run(Ljava/lang/Object;)Ljava/lang/Object;+138
j  org.eclipse.core.runtime.internal.adaptor.EclipseAppLauncher.runApplication(Ljava/lang/Object;)Ljava/lang/Object;+85
j  org.eclipse.core.runtime.internal.adaptor.EclipseAppLauncher.start(Ljava/lang/Object;)Ljava/lang/Object;+79
j  org.eclipse.core.runtime.adaptor.EclipseStarter.run(Ljava/lang/Object;)Ljava/lang/Object;+99
j  org.eclipse.core.runtime.adaptor.EclipseStarter.run([Ljava/lang/String;Ljava/lang/Runnable;)Ljava/lang/Object;+132
J 551 c1 java.lang.invoke.DirectMethodHandle$Holder.invokeStatic(Ljava/lang/Object;Ljava/lang/Object;Ljava/lang/Object;)Ljava/lang/Object; java.base@21.0.7 (15 bytes) @ 0x0000027dc5d63bf4 [0x0000027dc5d638e0+0x0000000000000314]
j  java.lang.invoke.LambdaForm$MH+0x0000027ddc015800.invoke(Ljava/lang/Object;Ljava/lang/Object;Ljava/lang/Object;Ljava/lang/Object;)Ljava/lang/Object;+54 java.base@21.0.7
j  java.lang.invoke.LambdaForm$MH+0x0000027ddc015c00.invokeExact_MT(Ljava/lang/Object;Ljava/lang/Object;Ljava/lang/Object;Ljava/lang/Object;Ljava/lang/Object;)Ljava/lang/Object;+22 java.base@21.0.7
j  jdk.internal.reflect.DirectMethodHandleAccessor.invokeImpl(Ljava/lang/Object;[Ljava/lang/Object;)Ljava/lang/Object;+72 java.base@21.0.7
j  jdk.internal.reflect.DirectMethodHandleAccessor.invoke(Ljava/lang/Object;[Ljava/lang/Object;)Ljava/lang/Object;+23 java.base@21.0.7
j  java.lang.reflect.Method.invoke(Ljava/lang/Object;[Ljava/lang/Object;)Ljava/lang/Object;+102 java.base@21.0.7
j  org.eclipse.equinox.launcher.Main.invokeFramework([Ljava/lang/String;[Ljava/net/URL;)V+155
j  org.eclipse.equinox.launcher.Main.basicRun([Ljava/lang/String;)V+191
j  org.eclipse.equinox.launcher.Main.run([Ljava/lang/String;)I+4
v  ~StubRoutines::call_stub 0x0000027dcd1d10e7

siginfo: EXCEPTION_ACCESS_VIOLATION (0xc0000005), data execution prevention violation at address 0x00007ffa085690bf


Registers:
RAX=0x0000000000000001, RBX=0x000000eeb10fe5f0, RCX=0x00007ffa4354c834, RDX=0x0000000000000000
RSP=0x000000eeb10fe4d0, RBP=0x0000027dbf148b68, RSI=0x000000000000007f, RDI=0x0000000000000002
R8 =0x000000eeb10fe4c8, R9 =0x0000000000000000, R10=0x0000000000000000, R11=0x0000000000000246
R12=0x0000000000140aea, R13=0x0000000000000002, R14=0x0000000000000000, R15=0x0000000000000002
RIP=0x00007ffa085690bf, EFLAGS=0x0000000000010246

XMM[0]=0x0000000000000000 0x0000000000000000
XMM[1]=0x0000000000000000 0x0000000000000000
XMM[2]=0x0000000000000000 0x0000000000000000
XMM[3]=0x0000000000000000 0x0000000000000000
XMM[4]=0x0000000000000000 0x0000000000000000
XMM[5]=0x0000000000000000 0x0000000000000000
XMM[6]=0x0000000000000000 0x66fcaae27c97227f
XMM[7]=0x0000000000000000 0x00000000018fdd78
XMM[8]=0x0000000000000000 0x0000000000000038
XMM[9]=0x0000000000000000 0x7bbb25596521078c
XMM[10]=0x0000000000000000 0x00000000e965e233
XMM[11]=0x0000000000000000 0x065a63ac6b7b6b38
XMM[12]=0x0000000000000000 0x000000006521078c
XMM[13]=0x0000000000000000 0x0000000000000008
XMM[14]=0x0000000000000000 0x0000000000000000
XMM[15]=0x0000000000000000 0x0000000000000000
  MXCSR=0x00001fa0


Register to memory mapping:

RAX=0x0000000000000001 is an unknown value
RBX=0x000000eeb10fe5f0 is pointing into the stack for thread: 0x0000027dbf1487b0
RCX=0x00007ffa4354c834 win32u.dll
RDX=0x0 is null
RSP=0x000000eeb10fe4d0 is pointing into the stack for thread: 0x0000027dbf1487b0
RBP=0x0000027dbf148b68 points into unknown readable memory: 0x00007ff9b195b7c0 | c0 b7 95 b1 f9 7f 00 00
RSI=0x000000000000007f is an unknown value
RDI=0x0000000000000002 is an unknown value
R8 =0x000000eeb10fe4c8 is pointing into the stack for thread: 0x0000027dbf1487b0
R9 =0x0 is null
R10=0x0 is null
R11=0x0000000000000246 is an unknown value
R12=0x0000000000140aea is an unknown value
R13=0x0000000000000002 is an unknown value
R14=0x0 is null
R15=0x0000000000000002 is an unknown value

Top of Stack: (sp=0x000000eeb10fe4d0)
0x000000eeb10fe4d0:   0000027dda511c60 0000000000140aea
0x000000eeb10fe4e0:   0000027dda511c60 00007ffa08569e47
0x000000eeb10fe4f0:   0000000000140aea 0000000000000000
0x000000eeb10fe500:   000000eeb10fe578 0000000000000000
0x000000eeb10fe510:   0000027dda511c60 000000000000011e
0x000000eeb10fe520:   0000000012f40dd7 00007ffa0856aa26
0x000000eeb10fe530:   0000000012f40dd7 0000027dbf148b68
0x000000eeb10fe540:   000000000000007f 0000011e0000007f
0x000000eeb10fe550:   0000ae74b8aab100 0000000000000000
0x000000eeb10fe560:   000000000000011e 000000000000007f
0x000000eeb10fe570:   0000000000000002 0000011e0000007f
0x000000eeb10fe580:   000000eeb10fe684 0000027dbf148b68
0x000000eeb10fe590:   0000000000000001 00007ffa28c4cec8
0x000000eeb10fe5a0:   0000027dbf148b68 00007ff9b0e66c5d
0x000000eeb10fe5b0:   0000027dbf1487b0 000000eeb10fe898
0x000000eeb10fe5c0:   0000000012f40dd7 0000000012f40dd7
0x000000eeb10fe5d0:   000000eeb10fe720 00007ff9b13d3ae9
0x000000eeb10fe5e0:   0000027dce1c4a90 0000027dce1c4de0
0x000000eeb10fe5f0:   000000eeb10fe628 000000eeb10fe6c0
0x000000eeb10fe600:   000000eeb10fe62c 000000eeb10fe620
0x000000eeb10fe610:   000000eeb10fe6b8 000000eeb10fe530
0x000000eeb10fe620:   0000000000140aea 00000000ce1c4d00
0x000000eeb10fe630:   0000027dc74d0075 000000eeb10fe630
0x000000eeb10fe640:   00005641b60385d8 0000027dce1c4c20
0x000000eeb10fe650:   0000000000000002 0000000012f40dd7
0x000000eeb10fe660:   0000027e1d657b58 0000000000140aea
0x000000eeb10fe670:   0000000000000000 00000000ff587300
0x000000eeb10fe680:   0000000000000000 00007ffa0856c535
0x000000eeb10fe690:   0000000000000000 0000027dc74dd140
0x000000eeb10fe6a0:   00006fdcd7f6e7f0 0000027dc74ddaf8
0x000000eeb10fe6b0:   0000000000140aea 0000000000000000
0x000000eeb10fe6c0:   000000ee00000001 0000000000000000 

Instructions: (pc=0x0000027dda511c60)
0x0000027dda511b60:   40 1b 51 da 7d 02 00 00 00 00 00 00 00 00 00 00
0x0000027dda511b70:   00 00 00 00 00 00 00 00 00 00 00 00 00 00 00 00
0x0000027dda511b80:   00 00 00 00 00 00 00 00 00 00 00 00 00 00 00 00
0x0000027dda511b90:   00 00 00 00 00 00 00 00 00 00 00 00 00 00 00 00
0x0000027dda511ba0:   00 00 00 00 00 00 00 00 00 00 00 00 00 00 00 00
0x0000027dda511bb0:   00 00 00 00 00 00 00 00 00 00 00 00 00 00 00 00
0x0000027dda511bc0:   00 00 00 00 00 00 00 00 00 00 00 00 00 00 00 00
0x0000027dda511bd0:   00 00 00 00 00 00 00 00 00 00 00 00 00 00 00 00
0x0000027dda511be0:   00 00 00 00 00 00 00 00 00 00 00 00 00 00 00 00
0x0000027dda511bf0:   00 00 00 00 00 00 00 00 00 00 00 00 00 00 00 00
0x0000027dda511c00:   00 00 00 00 00 00 00 00 00 00 00 00 00 00 00 00
0x0000027dda511c10:   00 00 00 00 00 00 00 00 00 00 00 00 00 00 00 00
0x0000027dda511c20:   00 00 00 00 00 00 00 00 00 00 00 00 00 00 00 00
0x0000027dda511c30:   00 00 00 00 00 00 00 00 00 00 00 00 00 00 00 00
0x0000027dda511c40:   00 00 00 00 00 00 00 00 00 00 00 00 00 00 00 00
0x0000027dda511c50:   00 00 00 00 00 00 00 00 e3 2c 3c b2 5a 3f 02 00
0x0000027dda511c60:   30 f2 52 da 7d 02 00 00 f0 5f 57 da 7d 02 00 00
0x0000027dda511c70:   00 00 00 00 00 00 00 00 00 00 00 00 00 00 00 00
0x0000027dda511c80:   ea 0a 14 00 00 00 00 00 ea 0a 14 00 00 00 00 00
0x0000027dda511c90:   0a 0e 97 09 00 00 00 00 00 00 00 00 00 00 00 00
0x0000027dda511ca0:   00 00 00 00 00 00 00 00 00 00 00 00 00 00 00 00
0x0000027dda511cb0:   00 00 00 00 00 00 00 00 00 00 00 00 00 00 00 00
0x0000027dda511cc0:   00 00 00 00 00 00 00 00 00 00 00 00 00 00 00 00
0x0000027dda511cd0:   00 00 00 00 00 00 00 00 00 00 00 00 00 00 00 00
0x0000027dda511ce0:   00 00 00 00 00 00 00 00 00 00 00 00 00 00 00 00
0x0000027dda511cf0:   00 00 00 00 00 00 00 00 00 00 00 00 00 00 00 00
0x0000027dda511d00:   00 00 00 00 00 00 00 00 00 00 00 00 00 00 00 00
0x0000027dda511d10:   00 00 00 00 04 00 00 00 01 00 00 00 10 00 00 00
0x0000027dda511d20:   38 5a 60 08 fa 7f 00 00 00 00 00 00 00 00 00 00
0x0000027dda511d30:   00 00 00 00 00 00 00 00 00 00 00 00 00 00 00 00
0x0000027dda511d40:   04 01 00 00 00 00 00 00 00 00 00 00 00 00 00 00
0x0000027dda511d50:   00 00 00 00 00 00 00 00 00 00 00 00 04 00 00 00 


Stack slot to memory mapping:

stack at sp + 0 slots: 0x0000000000140aea is an unknown value
stack at sp + 1 slots: 0x0000027dda511c60 points into unknown readable memory: 0x0000027dda52f230 | 30 f2 52 da 7d 02 00 00
stack at sp + 2 slots: 0x00007ffa08569e47 is an unknown value
stack at sp + 3 slots: 0x0000000000140aea is an unknown value
stack at sp + 4 slots: 0x0 is null
stack at sp + 5 slots: 0x000000eeb10fe578 is pointing into the stack for thread: 0x0000027dbf1487b0
stack at sp + 6 slots: 0x0 is null
stack at sp + 7 slots: 0x0000027dda511c60 points into unknown readable memory: 0x0000027dda52f230 | 30 f2 52 da 7d 02 00 00


Compiled method (c2) 139733 19826       4       org.eclipse.swt.widgets.Display::readAndDispatch (94 bytes)
 total in heap  [0x0000027dcdbc2a10,0x0000027dcdbc73c0] = 18864
 relocation     [0x0000027dcdbc2b70,0x0000027dcdbc2e68] = 760
 main code      [0x0000027dcdbc2e80,0x0000027dcdbc5970] = 10992
 stub code      [0x0000027dcdbc5970,0x0000027dcdbc5ab0] = 320
 oops           [0x0000027dcdbc5ab0,0x0000027dcdbc5ac8] = 24
 metadata       [0x0000027dcdbc5ac8,0x0000027dcdbc5c28] = 352
 scopes data    [0x0000027dcdbc5c28,0x0000027dcdbc68e8] = 3264
 scopes pcs     [0x0000027dcdbc68e8,0x0000027dcdbc6fe8] = 1792
 dependencies   [0x0000027dcdbc6fe8,0x0000027dcdbc7068] = 128
 handler table  [0x0000027dcdbc7068,0x0000027dcdbc72f0] = 648
 nul chk table  [0x0000027dcdbc72f0,0x0000027dcdbc73c0] = 208

[Constant Pool (empty)]

[MachCode]
[Entry Point]
  # {method} {0x0000027e1d2bd4a8} 'readAndDispatch' '()Z' in 'org/eclipse/swt/widgets/Display'
  #           [sp+0x90]  (sp of caller)
  0x0000027dcdbc2e80: 448b 5208 | 49bb 0000 | 00db 7d02 | 0000 4d03 | d349 3bc2 

  0x0000027dcdbc2e94: ;   {runtime_call ic_miss_stub}
  0x0000027dcdbc2e94: 0f85 e6ba | 65ff 6690 | 0f1f 4000 
[Verified Entry Point]
  0x0000027dcdbc2ea0: 8984 2400 | 80ff ff55 | 4881 ec80 | 0000 0090 | 4181 7f20 | 2800 0000 | 0f85 a42a | 0000 4889 
  0x0000027dcdbc2ec0: 5424 4844 | 8b9a b001 | 0000 4585 | db0f 8471 | 1900 004d | 8bd3 4d8b | 8780 0300 | 004d 8b00 
  0x0000027dcdbc2ee0: 4d3b d00f | 857b 1900 | 0044 0fb6 | 5a1a 4585 | db0f 8591 

  0x0000027dcdbc2ef4: ;   {oop(a 'java/lang/Class'{0x00000000855158d0} = 'org/eclipse/swt/widgets/Display')}
  0x0000027dcdbc2ef4: 1900 0048 | bbd0 5851 | 8500 0000 | 0041 807f | 4000 0f85 | 3f11 0000 | 4489 a384 | 0000 004c 
  0x0000027dcdbc2f14: 8b54 2448 | 458b 9a84 | 0100 0045 | 85db 0f85 | 9411 0000 | 4c8b 5424 | 4841 8b9a | 2801 0000 
  0x0000027dcdbc2f34: 85db 0f8f | 180d 0000 | 49ba 00a0 | f9d4 7d02 | 0000 4c89 | 5424 304c | 8b54 2448 | 418b baf0 
  0x0000027dcdbc2f54: 0000 0085 | ff0f 853b | 1000 004c | 8b54 2448 | 458b 9288 | 0100 0045 | 85d2 0f85 | 1713 0000 
  0x0000027dcdbc2f74: 4c8b 5424 | 4845 8b92 | 4801 0000 | 498b d245 | 33c0 4533 | c933 ffbe | 0100 0000 

  0x0000027dcdbc2f90: ;   {static_call}
  0x0000027dcdbc2f90: c5f8 77e8 

  0x0000027dcdbc2f94: ; ImmutableOopMap {[72]=Oop }
                      ;*invokestatic PeekMessage {reexecute=0 rethrow=0 return_oop=0}
                      ; - org.eclipse.swt.widgets.Display::readAndDispatch@35 (line 3730)
  0x0000027dcdbc2f94: 48c8 4d00 

  0x0000027dcdbc2f98: ;   {other}
  0x0000027dcdbc2f98: 0f1f 8400 | 8805 0000 | 85c0 0f84 | 0306 0000 | 4c8b 5424 | 4845 8b9a | 4801 0000 

  0x0000027dcdbc2fb4: ; implicit exception: dispatches to 0x0000027dcdbc51c8
  0x0000027dcdbc2fb4: 458b 530c | 458d 8a00 | ffff ff41 | 83f9 090f | 82d6 1a00 | 0049 8bd3 

  0x0000027dcdbc2fcc: ;   {static_call}
  0x0000027dcdbc2fcc: c5f8 77e8 

  0x0000027dcdbc2fd0: ; ImmutableOopMap {[72]=Oop }
                      ;*invokestatic TranslateMessage {reexecute=0 rethrow=0 return_oop=0}
                      ; - org.eclipse.swt.widgets.Display::readAndDispatch@56 (line 3732)
  0x0000027dcdbc2fd0: 8c99 4f00 

  0x0000027dcdbc2fd4: ;   {other}
  0x0000027dcdbc2fd4: 0f1f 8400 | c405 0001 | 4c8b 5424 | 4845 8b9a | 4801 0000 | 498b d390 

  0x0000027dcdbc2fec: ;   {static_call}
  0x0000027dcdbc2fec: c5f8 77e8 

  0x0000027dcdbc2ff0: ; ImmutableOopMap {[72]=Oop }
                      ;*invokestatic DispatchMessage {reexecute=0 rethrow=0 return_oop=0}
                      ; - org.eclipse.swt.widgets.Display::readAndDispatch@64 (line 3733)
  0x0000027dcdbc2ff0: ec9d 4f00 

  0x0000027dcdbc2ff4: ;   {other}
  0x0000027dcdbc2ff4: 0f1f 8400 | e405 0002 | 33f6 e914 | 0100 0044 | 895c 2430 | 488b d34c | 8b44 2450 

  0x0000027dcdbc3010: ;   {optimized virtual_call}
  0x0000027dcdbc3010: c5f8 77e8 

  0x0000027dcdbc3014: ; ImmutableOopMap {rbp=NarrowOop [72]=Oop [88]=Oop }
                      ;*invokevirtual sendEvent {reexecute=0 rethrow=0 return_oop=0}
                      ; - org.eclipse.swt.widgets.Display::sendEvent@12 (line 4349)
                      ; - org.eclipse.swt.widgets.Widget::sendEvent@26 (line 1217)
                      ; - org.eclipse.swt.widgets.Display::runDeferredEvents@92 (line 4147)
                      ; - org.eclipse.swt.widgets.Display::readAndDispatch@69 (line 3735)
  0x0000027dcdbc3014: c846 0400 

  0x0000027dcdbc3018: ;   {other}
  0x0000027dcdbc3018: 0f1f 8400 | 0806 0003 | 448b 9d64 | 0100 0045 | 8b53 1045 | 8b4a 0c4d | 8b9f 5004 | 0000 498b 
  0x0000027dcdbc3038: ; ImmutableOopMap {r10=NarrowOop rcx=Oop rbp=NarrowOop [72]=Oop [88]=Oop }
                      ;*if_icmplt {reexecute=1 rethrow=0 return_oop=0}
                      ; - (reexecute) org.eclipse.swt.widgets.EventTable::hooks@42 (line 75)
                      ; - org.eclipse.swt.widgets.Display::sendJDKInternalEvent@12 (line 4318)
                      ; - org.eclipse.swt.widgets.Display::sendPostEvent@28 (line 4367)
                      ; - org.eclipse.swt.widgets.Display::sendEvent@30 (line 4351)
                      ; - org.eclipse.swt.widgets.Widget::sendEvent@26 (line 1217)
                      ; - org.eclipse.swt.widgets.Display::runDeferredEvents@92 (line 4147)
                      ; - org.eclipse.swt.widgets.Display::readAndDispatch@69 (line 3735)
                      ;   {poll}
  0x0000027dcdbc3038: ca41 8503 | 4585 c90f | 86cd 0000 | 0045 8d41 | ff45 3bc1 | 0f83 841c | 0000 458b | 5a10 4183 
  0x0000027dcdbc3058: fb33 0f84 | f016 0000 | 458d 41fd | 4183 f801 | 0f8e 921c | 0000 ba01 | 0000 0041 | 8bd9 2bda 
  0x0000027dcdbc3078: 83c3 fd33 | f644 3bc2 | 0f4c de81 | fba0 0f00 | 0041 bba0 | 0f00 0041 | 0f47 db03 | da66 6666 
  0x0000027dcdbc3098: 0f1f 8400 | 0000 0000 | 458b 5c92 | 1041 83fb | 330f 84a1 | 1600 0045 | 8b5c 9214 | 4183 fb33 
  0x0000027dcdbc30b8: 0f84 9216 | 0000 458b | 5c92 1841 | 83fb 330f | 8483 1600 | 0045 8b5c | 921c 4183 | fb33 0f84 
  0x0000027dcdbc30d8: 7416 0000 | 83c2 043b | d37c bd4d | 8b9f 5004 

  0x0000027dcdbc30e8: ; ImmutableOopMap {r10=NarrowOop rcx=Oop rbp=NarrowOop [72]=Oop [88]=Oop }
                      ;*if_icmplt {reexecute=1 rethrow=0 return_oop=0}
                      ; - (reexecute) org.eclipse.swt.widgets.EventTable::hooks@42 (line 75)
                      ; - org.eclipse.swt.widgets.Display::sendJDKInternalEvent@12 (line 4318)
                      ; - org.eclipse.swt.widgets.Display::sendPostEvent@28 (line 4367)
                      ; - org.eclipse.swt.widgets.Display::sendEvent@30 (line 4351)
                      ; - org.eclipse.swt.widgets.Widget::sendEvent@26 (line 1217)
                      ; - org.eclipse.swt.widgets.Display::runDeferredEvents@92 (line 4147)
                      ; - org.eclipse.swt.widgets.Display::readAndDispatch@69 (line 3735)
                      ;   {poll}
  0x0000027dcdbc30e8: 0000 4185 | 0341 3bd0 | 0f8c 7dff | ffff 413b | d17d 1790 | 458b 4492 | 1041 83f8 | 330f 8445 
  0x0000027dcdbc3108: 1600 00ff | c241 3bd1 | 7cea be01 | 0000 004c | 8b54 2448 | 458b 9a50 | 0100 0045 | 85db 0f84 
  0x0000027dcdbc3128: 4a04 0000 | 458b 530c | 4585 d20f | 86c3 1800 | 004d 8bc3 | 498d 5310 | 8b3a 85ff | 0f84 2c04 
  0x0000027dcdbc3148: 0000 418d | 6aff 443b | d50f 8295 | 1a00 0085 | ed0f 8c8d | 1a00 0049 | 63da 4183 | fa01 7420 
  0x0000027dcdbc3168: 498d 4b14 | 4c8d 43ff | c5f8 7749 | ba80 2920 | cd7d 0200 | 0041 ffd2 

  0x0000027dcdbc3180: ;   {other}
  0x0000027dcdbc3180: 0f1f 8400 | 0000 0000 | 4c8b 5424 | 4845 8baa | 5001 0000 

  0x0000027dcdbc3194: ; implicit exception: dispatches to 0x0000027dcdbc52b8
  0x0000027dcdbc3194: 458b 5d0c | 413b eb0f | 8327 1a00 | 0041 807f | 4000 0f85 | 3d12 0000 | 4589 649d | 0c44 8b47 
  0x0000027dcdbc31b4: 6845 8b50 | 1441 83e2 | 0145 85d2 | 0f85 8e1b | 0000 448b | 576c 4c8b | ef49 8be8 | 4585 d20f 
  0x0000027dcdbc31d4: 85d8 1100 | 0044 8b57 | 6445 8bb2 | 6801 0000 | 4585 f60f | 84a7 1b00 | 0044 8b5f | 0c41 83fb 
  0x0000027dcdbc31f4: 320f 84c1 | 1b00 0041 | 83fb 330f | 84df 1b00 | 0041 83fb | 340f 84fd | 1b00 0041 | 83fb 350f 
  0x0000027dcdbc3214: 841b 1c00 | 0045 8b8a | 6401 0000 

  0x0000027dcdbc3220: ; implicit exception: dispatches to 0x0000027dcdbc5330
  0x0000027dcdbc3220: 418b 5910 

  0x0000027dcdbc3224: ; implicit exception: dispatches to 0x0000027dcdbc5360
  0x0000027dcdbc3224: 8b43 0c49 | 8bf2 85c0 | 0f86 f109 | 0000 8d48 | ff3b c80f | 83d3 1900 | 008b 4b10 | 83f9 320f 
  0x0000027dcdbc3244: 849c 1400 | 008d 48fd | 83f9 010f | 8ef7 1900 | 00c4 c179 | 6ee2 c4e1 | f96e dd48 | 8beb 41b9 
  0x0000027dcdbc3264: 0100 0000 | 8bd0 412b | d183 c2fd | 4533 d241 | 3bc9 410f | 4cd2 81fa 

  0x0000027dcdbc327c: ;   {no_reloc}
  0x0000027dcdbc327c: a00f 0000 | 41ba a00f | 0000 410f | 47d2 4103 | d166 6690 | 468b 548b | 1041 83fa | 320f 842c 
  0x0000027dcdbc329c: 1400 0046 | 8b54 8b14 | 4183 fa32 | 0f84 2414 | 0000 468b | 548b 1841 | 83fa 320f | 841c 1400 
  0x0000027dcdbc32bc: 0046 8b54 | 8b1c 4183 | fa32 0f84 | 1414 0000 | 4183 c104 | 443b ca7c | bb4d 8b97 

  0x0000027dcdbc32d8: ; ImmutableOopMap {r8=NarrowOop rbx=NarrowOop rdi=NarrowOop rsi=Oop rbp=Oop r13=Oop r14=NarrowOop xmm3=Oop xmm4=NarrowOop [72]=Oop }
                      ;*if_icmplt {reexecute=1 rethrow=0 return_oop=0}
                      ; - (reexecute) org.eclipse.swt.widgets.EventTable::hooks@42 (line 75)
                      ; - org.eclipse.swt.widgets.Display::sendJDKInternalEvent@12 (line 4318)
                      ; - org.eclipse.swt.widgets.Display::sendPreEvent@28 (line 4359)
                      ; - org.eclipse.swt.widgets.Display::filterEvent@14 (line 1337)
                      ; - org.eclipse.swt.widgets.Widget::sendEvent@7 (line 1216)
                      ; - org.eclipse.swt.widgets.Display::runDeferredEvents@92 (line 4147)
                      ; - org.eclipse.swt.widgets.Display::readAndDispatch@69 (line 3735)
  0x0000027dcdbc32d8: 5004 0000 

  0x0000027dcdbc32dc: ;   {poll}
  0x0000027dcdbc32dc: 4185 0244 | 3bc9 7c84 | c4e1 f97e | ddc4 c179 | 7ee2 443b | c80f 8c42 | 0200 0089 | 7c24 3c44 
  0x0000027dcdbc32fc: 8944 2440 | 4c89 6c24 | 5044 895c | 2444 4889 | 7424 5848 | 896c 2460 | 4489 5424 | 6849 8bd6 
  0x0000027dcdbc331c: 4c8b 4424 | 5066 6690 

  0x0000027dcdbc3324: ;   {optimized virtual_call}
  0x0000027dcdbc3324: c5f8 77e8 

  0x0000027dcdbc3328: ; ImmutableOopMap {[60]=NarrowOop [64]=NarrowOop [72]=Oop [80]=Oop [88]=Oop [96]=Oop [104]=NarrowOop }
                      ;*invokevirtual sendEvent {reexecute=0 rethrow=0 return_oop=0}
                      ; - org.eclipse.swt.widgets.Display::filterEvent@22 (line 1339)
                      ; - org.eclipse.swt.widgets.Widget::sendEvent@7 (line 1216)
                      ; - org.eclipse.swt.widgets.Display::runDeferredEvents@92 (line 4147)
                      ; - org.eclipse.swt.widgets.Display::readAndDispatch@69 (line 3735)
  0x0000027dcdbc3328: b443 0400 

  0x0000027dcdbc332c: ;   {other}
  0x0000027dcdbc332c: 0f1f 8400 | 1c09 0007 | 8b6c 2468 | 448b 9564 | 0100 0041 | 8b4a 108b | 790c 448d | 57fd 488b 
  0x0000027dcdbc334c: d144 8d47 | ff85 ff0f | 86c8 0000 | 0044 3bc7 | 0f83 f518 | 0000 448b | 4910 4183 | f933 0f84 
  0x0000027dcdbc336c: a413 0000 | 4183 fa01 | 0f8e 0e19 | 0000 bb01 | 0000 008b | f72b f383 | c6fd 4533 | c944 3bd3 
  0x0000027dcdbc338c: 410f 4cf1 | 81fe a00f | 0000 41b9 | a00f 0000 | 410f 47f1 | 03f3 6666 | 0f1f 8400 | 0000 0000 
  0x0000027dcdbc33ac: 6666 6690 | 448b 5c99 | 1041 83fb | 330f 8455 | 1300 0044 | 8b4c 9914 | 4183 f933 | 0f84 4613 
  0x0000027dcdbc33cc: 0000 448b | 5c99 1841 | 83fb 330f | 8437 1300 | 0044 8b4c | 991c 4183 | f933 0f84 | 2813 0000 
  0x0000027dcdbc33ec: 83c3 043b | de7c bd4d | 8b9f 5004 

  0x0000027dcdbc33f8: ; ImmutableOopMap {rcx=NarrowOop rdx=Oop rbp=NarrowOop [60]=NarrowOop [64]=NarrowOop [72]=Oop [80]=Oop [88]=Oop [96]=Oop }
                      ;*if_icmplt {reexecute=1 rethrow=0 return_oop=0}
                      ; - (reexecute) org.eclipse.swt.widgets.EventTable::hooks@42 (line 75)
                      ; - org.eclipse.swt.widgets.Display::sendJDKInternalEvent@12 (line 4318)
                      ; - org.eclipse.swt.widgets.Display::sendPostEvent@28 (line 4367)
                      ; - org.eclipse.swt.widgets.Display::filterEvent@38 (line 1341)
                      ; - org.eclipse.swt.widgets.Widget::sendEvent@7 (line 1216)
                      ; - org.eclipse.swt.widgets.Display::runDeferredEvents@92 (line 4147)
                      ; - org.eclipse.swt.widgets.Display::readAndDispatch@69 (line 3735)
                      ;   {poll}
  0x0000027dcdbc33f8: 0000 4185 | 0341 3bda | 0f8c 79ff | ffff 3bdf | 7d17 6690 | 448b 4c99 | 1041 83f9 | 330f 84f9 
  0x0000027dcdbc3418: 1200 00ff | c33b df7c | eb44 8b4c | 2440 418b | 591c 85db | 0f84 2a1a | 0000 448b | 4c24 3c45 
  0x0000027dcdbc3438: 8b59 0c41 | 83fb 320f | 8433 1a00 | 0041 83fb | 330f 8449 | 1a00 0041 | 83fb 340f | 845f 1a00 
  0x0000027dcdbc3458: 0041 83fb | 350f 8475 | 1a00 0085 | ff0f 86df | 0700 0044 | 3bc7 0f83 | 1e18 0000 | 448b 4110 
  0x0000027dcdbc3478: 4183 f832 | 0f84 aa12 | 0000 4183 | fa01 0f8e | 4018 0000 | b801 0000 | 0044 8bf7 | 442b f041 
  0x0000027dcdbc3498: 83c6 fd45 | 33c0 443b | d045 0f4c | f041 81fe | a00f 0000 | 41b8 a00f | 0000 450f | 47f0 4403 
  0x0000027dcdbc34b8: f00f 1f80 | 0000 0000 | 8b74 8110 | 83fe 320f | 845f 1200 | 0044 8b44 | 8114 4183 | f832 0f84 
  0x0000027dcdbc34d8: 5012 0000 | 448b 4481 | 1841 83f8 | 320f 8441 | 1200 008b | 7481 1c83 | fe32 0f84 | 3412 0000 
  0x0000027dcdbc34f8: ;   {no_reloc}
  0x0000027dcdbc34f8: 83c0 0441 | 3bc6 7cc0 | 498b b750 

  0x0000027dcdbc3504: ; ImmutableOopMap {r9=NarrowOop rcx=NarrowOop rbx=NarrowOop rdx=Oop rbp=NarrowOop [72]=Oop [80]=Oop [88]=Oop }
                      ;*if_icmplt {reexecute=1 rethrow=0 return_oop=0}
                      ; - (reexecute) org.eclipse.swt.widgets.EventTable::hooks@42 (line 75)
                      ; - org.eclipse.swt.widgets.Display::sendJDKInternalEvent@12 (line 4318)
                      ; - org.eclipse.swt.widgets.Display::sendPreEvent@28 (line 4359)
                      ; - org.eclipse.swt.widgets.Display::sendEvent@7 (line 4347)
                      ; - org.eclipse.swt.widgets.Widget::sendEvent@26 (line 1217)
                      ; - org.eclipse.swt.widgets.Display::runDeferredEvents@92 (line 4147)
                      ; - org.eclipse.swt.widgets.Display::readAndDispatch@69 (line 3735)
                      ;   {poll}
  0x0000027dcdbc3504: 0400 0085 | 0641 3bc2 | 0f8c 7fff | ffff 3bc7 | 0f8d e9fa | ffff 448b | 5481 1041 | 83fa 320f 
  0x0000027dcdbc3524: 8403 1200 | 00ff c03b | c77c eb44 | 895c 2430 | e9cf faff | ff42 8b54 | 8b10 83fa | 320f 849e 
  0x0000027dcdbc3544: 1100 0041 | ffc1 443b | c87c ea89 | 7c24 3c44 | 8944 2440 | 4c89 6c24 | 5044 895c | 2444 4889 
  0x0000027dcdbc3564: 7424 5848 | 896c 2460 | 4489 5424 | 68e9 a3fd | ffff 4180 | 7f40 000f | 8500 0b00 | 004c 8b54 
  0x0000027dcdbc3584: 2448 4589 | a250 0100 | 00b8 0100 | 0000 c5f8 | 7748 81c4 | 8000 0000 

  0x0000027dcdbc359c: ;   {poll_return}
  0x0000027dcdbc359c: 5d49 3ba7 | 4804 0000 | 0f87 a223 | 0000 c34c | 8b54 2448 | 450f b652 | 1a45 85d2 | 0f85 2414 
  0x0000027dcdbc35bc: 0000 4c8b | 5424 4845 | 8b9a a401 | 0000 4489 | 5c24 4841 | 8b5b 1085 | db0f 8431 | 1200 004d 
  0x0000027dcdbc35dc: 8bd3 4c89 | 5424 204c | 8bc3 4c8d | 730c 418b | 364c 8bd6 | 498b fa44 | 8b6f 0c45 | 85ed 0f84 
  0x0000027dcdbc35fc: 1005 0000 | 498b ed41 | 807f 4000 | 0f85 660b | 0000 4d33 | db41 8bc5 | f044 0fb1 | 5f0c 410f 
  0x0000027dcdbc361c: 94c3 450f | b6db 4585 | db0f 844d | 1500 0049 | 3bfa 0f84 | 0101 0000 | 448b 5f10 | 4585 db0f 
  0x0000027dcdbc363c: 84eb 0000 | 0041 3bf3 | 0f84 eb00 | 0000 498b | fb41 807f | 4000 0f85 | 930e 0000 | 4c8b df8b 
  0x0000027dcdbc365c: c6f0 450f | b11e 0f94 | c30f b6db | 85db 742c | 4c8b d74d | 8bde 4d33 | d349 c1ea | 144d 85d2 
  0x0000027dcdbc367c: 741a 49c1 | eb09 48b9 | 00a0 f9d4 | 7d02 0000 | 4903 cb80 | 3902 0f85 | b00e 0000 | 85db 0f84 
  0x0000027dcdbc369c: ;   {no_reloc}
  0x0000027dcdbc369c: 9500 0000 | 85f6 0f84 | 5018 0000 | 488b fe4c | 8d76 1041 | 807f 4000 | 0f85 5c0e | 0000 4189 
  0x0000027dcdbc36bc: 364c 8bd7 | 4d8b de4d | 33d3 49c1 | ea14 4d85 | d274 6649 | c1eb 0948 | b900 a0f9 | d47d 0200 
  0x0000027dcdbc36dc: 0049 03cb | 8039 0274 | 504d 8b57 | 484d 8b5f | 58f0 8344 | 24c0 0080 | 3900 743d | 4488 214d 
  0x0000027dcdbc36fc: 85d2 751d | 498b d7c5 | f877 49ba | a014 05b1 | f97f 0000 

  0x0000027dcdbc3710: ;   {other}
  0x0000027dcdbc3710: 41ff d20f | 1f84 0000 | 0000 00eb | 184b 894c | 13f8 4983 | c2f8 4d89 | 5748 eb09 | 4c3b d70f 
  0x0000027dcdbc3730: 8518 ffff | ff45 8b55 

  0x0000027dcdbc3738: ;   {metadata('org/eclipse/swt/widgets/RunnableLock')}
  0x0000027dcdbc3738: 0841 81fa | 98bc 5701 | 0f85 9d11 | 0000 488b | fd48 8d5c | 2470 488b | 07a8 020f | 8523 0000 
  0x0000027dcdbc3758: 0048 83c8 | 0148 8903 | f048 0fb1 | 1f0f 8437 | 0000 0048 | 2bc4 4825 | 07f0 ffff | 4889 03e9 
  0x0000027dcdbc3778: 2400 0000 | 4c8b d048 | 33c0 f04d | 0fb1 7a3e | 48c7 0303 | 0000 0074 | 114c 3bf8 | 7515 49ff 
  0x0000027dcdbc3798: 8286 0000 | 0048 33c0 | 7509 49ff | 8748 0500 | 0033 c00f | 8553 1100 | 0041 807f | 4000 0f85 
  0x0000027dcdbc37b8: db09 0000 | 448b 5f10 | 448b 4424 | 4845 8958 | 144c 8b54 | 2420 4d8b | c34d 33c2 | 49c1 e814 
  0x0000027dcdbc37d8: 4d85 c074 | 1f45 85db | 741a 49c1 | ea09 48b9 | 00a0 f9d4 | 7d02 0000 | 4903 ca80 | 3902 0f85 
  0x0000027dcdbc37f8: 3e0a 0000 | 448b 5424 | 4841 8b6a | 0c44 8b9d | 6401 0000 

  0x0000027dcdbc380c: ; implicit exception: dispatches to 0x0000027dcdbc5218
  0x0000027dcdbc380c: 458b 4b10 

  0x0000027dcdbc3810: ; implicit exception: dispatches to 0x0000027dcdbc523c
  0x0000027dcdbc3810: 458b 410c | 4585 c00f | 86d5 0000 | 0045 8d58 | ff45 3bd8 | 0f83 f211 | 0000 458b | 5110 4183 
  0x0000027dcdbc3830: fa32 0f84 | 710d 0000 

  0x0000027dcdbc3838: ;   {no_reloc}
  0x0000027dcdbc3838: 458d 58fd | 4183 fb01 | 0f8e 0212 | 0000 488b | cd49 8bd1 | bb01 0000 | 0041 8bf0 | 2bf3 83c6 
  0x0000027dcdbc3858: fd45 33d2 | 443b db41 | 0f4c f281 | fea0 0f00 | 00b8 a00f | 0000 0f47 | f003 f366 | 0f1f 8400 
  0x0000027dcdbc3878: 0000 0000 | 6666 6690 | 458b 5499 | 1041 83fa | 320f 841a | 0d00 0045 | 8b54 9914 | 4183 fa32 
  0x0000027dcdbc3898: 0f84 0b0d | 0000 458b | 5499 1841 | 83fa 320f | 84fc 0c00 | 0045 8b54 | 991c 4183 | fa32 0f84 
  0x0000027dcdbc38b8: ed0c 0000 | 83c3 043b | de7c bd49 | 8b87 5004 

  0x0000027dcdbc38c8: ; ImmutableOopMap {r9=NarrowOop rcx=Oop rdi=Oop rdx=Oop rbp=NarrowOop [32]=Oop [72]=NarrowOop }
                      ;*if_icmplt {reexecute=1 rethrow=0 return_oop=0}
                      ; - (reexecute) org.eclipse.swt.widgets.EventTable::hooks@42 (line 75)
                      ; - org.eclipse.swt.widgets.Display::sendJDKInternalEvent@12 (line 4318)
                      ; - org.eclipse.swt.widgets.Display::sendPreEvent@28 (line 4359)
                      ; - org.eclipse.swt.widgets.Synchronizer::runAsyncMessages@33 (line 130)
                      ; - org.eclipse.swt.widgets.Display::runAsyncMessages@5 (line 4122)
                      ; - org.eclipse.swt.widgets.Display::readAndDispatch@84 (line 3738)
                      ;   {poll}
  0x0000027dcdbc38c8: 0000 8500 | 413b db0f | 8c7c ffff | ff41 3bd8 | 7d18 6690 | 458b 5c99 | 1041 83fb | 320f 84be 
  0x0000027dcdbc38e8: 0c00 00ff | c341 3bd8 | 7cea 448b | 570c 4585 | d20f 84a5 | 1200 0048 | 897c 2428 | 498b d266 
  0x0000027dcdbc3908: 6690 c5f8 | 7748 b860 | eb88 237e 

  0x0000027dcdbc3914: ;   {virtual_call}
  0x0000027dcdbc3914: 0200 00e8 

  0x0000027dcdbc3918: ; ImmutableOopMap {rbp=NarrowOop [32]=Oop [40]=Oop [72]=NarrowOop }
                      ;*invokeinterface run {reexecute=0 rethrow=0 return_oop=0}
                      ; - org.eclipse.swt.widgets.RunnableLock::run@11 (line 40)
                      ; - org.eclipse.swt.widgets.Synchronizer::runAsyncMessages@41 (line 132)
                      ; - org.eclipse.swt.widgets.Display::runAsyncMessages@5 (line 4122)
                      ; - org.eclipse.swt.widgets.Display::readAndDispatch@84 (line 3738)
  0x0000027dcdbc3918: f4be 73ff 

  0x0000027dcdbc391c: ;   {other}
  0x0000027dcdbc391c: 0f1f 8400 | 0c0f 000b | 4180 7f40 | 000f 85a0 | 0800 0048 | 8b6c 2428 | 4489 650c | 8b5c 2448 
  0x0000027dcdbc393c: 448b 5b0c 

  0x0000027dcdbc3940: ; implicit exception: dispatches to 0x0000027dcdbc5260
  0x0000027dcdbc3940: 450f b643 | 1a45 85c0 | 0f85 cd11 | 0000 8b43 | 0c44 8b90 | 6401 0000 

  0x0000027dcdbc3958: ; implicit exception: dispatches to 0x0000027dcdbc527c
  0x0000027dcdbc3958: 458b 4210 

  0x0000027dcdbc395c: ; implicit exception: dispatches to 0x0000027dcdbc5298
  0x0000027dcdbc395c: 418b 780c | 85ff 0f86 | df00 0000 | 448d 57ff | 443b d70f | 83dd 1000 | 0045 8b58 | 1041 83fb 
  0x0000027dcdbc397c: 330f 8445 | 0c00 0044 | 8d57 fd41 | 83fa 010f | 8ee3 1000 | 0048 8bc8 | 498b f041 | bb01 0000 
  0x0000027dcdbc399c: 008b d741 | 2bd3 83c2 | fd45 33c9 | 453b d341 | 0f4c d181 | faa0 0f00 | 0041 b9a0 | 0f00 0041 
  0x0000027dcdbc39bc: 0f47 d141 | 03d3 6666 | 0f1f 8400 | 0000 0000 | 6666 6690 | 478b 4c98 | 1041 83f9 | 330f 84e9 
  0x0000027dcdbc39dc: 0b00 0047 | 8b4c 9814 | 4183 f933 | 0f84 da0b | 0000 478b | 4c98 1841 | 83f9 330f | 84cb 0b00 
  0x0000027dcdbc39fc: 0047 8b4c | 981c 4183 | f933 0f84 | bc0b 0000 | 4183 c304 | 443b da7c | bb4d 8baf 

  0x0000027dcdbc3a18: ; ImmutableOopMap {r8=NarrowOop rcx=Oop rbx=NarrowOop rsi=Oop rax=NarrowOop rbp=Oop [32]=Oop }
                      ;*if_icmplt {reexecute=1 rethrow=0 return_oop=0}
                      ; - (reexecute) org.eclipse.swt.widgets.EventTable::hooks@42 (line 75)
                      ; - org.eclipse.swt.widgets.Display::sendJDKInternalEvent@12 (line 4318)
                      ; - org.eclipse.swt.widgets.Display::sendPostEvent@28 (line 4367)
                      ; - org.eclipse.swt.widgets.Synchronizer::runAsyncMessages@160 (line 138)
                      ; - org.eclipse.swt.widgets.Display::runAsyncMessages@5 (line 4122)
                      ; - org.eclipse.swt.widgets.Display::readAndDispatch@84 (line 3738)
                      ;   {no_reloc}
  0x0000027dcdbc3a18: 5004 0000 

  0x0000027dcdbc3a1c: ;   {poll}
  0x0000027dcdbc3a1c: 4185 4500 | 453b da0f | 8c74 ffff | ff44 3bdf | 7d19 6690 | 478b 5498 | 1041 83fa | 330f 8489 
  0x0000027dcdbc3a3c: 0b00 0041 | ffc3 443b | df7c e941 | 807f 4000 | 0f85 b507 | 0000 4489 | 6314 488b | d566 6690 
  0x0000027dcdbc3a5c: ;   {optimized virtual_call}
  0x0000027dcdbc3a5c: c5f8 77e8 

  0x0000027dcdbc3a60: ; ImmutableOopMap {rbp=Oop [32]=Oop }
                      ;*invokevirtual notifyAll {reexecute=0 rethrow=0 return_oop=0}
                      ; - org.eclipse.swt.widgets.Synchronizer::runAsyncMessages@169 (line 141)
                      ; - org.eclipse.swt.widgets.Display::runAsyncMessages@5 (line 4122)
                      ; - org.eclipse.swt.widgets.Display::readAndDispatch@84 (line 3738)
  0x0000027dcdbc3a60: 5ced c2ff 

  0x0000027dcdbc3a64: ;   {other}
  0x0000027dcdbc3a64: 0f1f 8400 | 5410 000d | 488d 4424 | 7048 8338 | 000f 847b | 0000 004c | 8b55 0041 | f6c2 020f 
  0x0000027dcdbc3a84: 8462 0000 | 0049 83ba | 8600 0000 | 0074 0949 | ff8a 8600 | 0000 eb4b | 498b 8296 | 0000 0049 
  0x0000027dcdbc3aa4: 0b82 8e00 | 0000 750a | 49c7 423e | 0000 0000 | eb3e 4983 | ba9e 0000 | 0000 7422 | 4833 c049 
  0x0000027dcdbc3ac4: c742 3e00 | 0000 00f0 | 8304 2400 | 4983 ba9e | 0000 0000 | 750d f04d | 0fb1 7a3e | 7505 83c8 
  0x0000027dcdbc3ae4: 01eb 0da8 | 00eb 094c | 8b10 f04c | 0fb1 5500 | 750a 49ff | 8f48 0500 | 0045 33d2 | 0f85 b40e 
  0x0000027dcdbc3b04: 0000 b801 | 0000 00e9 | 82fa ffff | 448b 5f10 | 4585 db74 | 1e4d 8bcb | 493b f90f | 84e5 1100 
  0x0000027dcdbc3b24: 004d 8b9f 

  0x0000027dcdbc3b28: ; ImmutableOopMap {r10=Oop r8=Oop r14=Derived_oop_r8 r9=Oop rbx=NarrowOop rsi=NarrowOop [32]=Oop [72]=NarrowOop }
                      ;*goto {reexecute=1 rethrow=0 return_oop=0}
                      ; - (reexecute) java.util.concurrent.ConcurrentLinkedQueue::poll@81 (line 385)
                      ; - org.eclipse.swt.widgets.Synchronizer::removeFirst@4 (line 115)
                      ; - org.eclipse.swt.widgets.Synchronizer::runAsyncMessages@3 (line 125)
                      ; - org.eclipse.swt.widgets.Display::runAsyncMessages@5 (line 4122)
                      ; - org.eclipse.swt.widgets.Display::readAndDispatch@84 (line 3738)
  0x0000027dcdbc3b28: 5004 0000 

  0x0000027dcdbc3b2c: ;   {poll}
  0x0000027dcdbc3b2c: 4185 0349 | 8bf9 e9bc | faff ff4c | 3bd7 0f84 | dc00 0000 | 4180 7f40 | 000f 85f2 | 0800 004c 
  0x0000027dcdbc3b4c: 8bdf 8bc6 | f045 0fb1 | 1e0f 94c3 | 0fb6 db85 | db74 2c4c | 8bd7 4d8b | de4d 33d3 | 49c1 ea14 
  0x0000027dcdbc3b6c: 4d85 d274 | 1a49 c1eb | 0948 b900 | a0f9 d47d | 0200 0049 | 03cb 8039 | 020f 850f | 0900 0085 
  0x0000027dcdbc3b8c: db0f 8489 | 0000 0085 | f60f 8499 | 1100 0048 | 8bde 488d | 7e10 4180 | 7f40 000f | 85bb 0800 
  0x0000027dcdbc3bac: 0089 374c | 8bd3 4c8b | df4d 33d3 | 49c1 ea14 | 4d85 d274 | 5b49 c1eb | 094c 8b54 | 2430 4d03 
  0x0000027dcdbc3bcc: d341 803a | 0274 494d | 8b5f 484d | 8b47 58f0 | 8344 24c0 | 0041 803a | 0074 3545 | 8822 4d85 
  0x0000027dcdbc3bec: db75 2049 | 8bca 498b | d7c5 f877 | 49ba a014 | 05b1 f97f | 0000 41ff 

  0x0000027dcdbc3c04: ;   {other}
  0x0000027dcdbc3c04: d20f 1f84 | 0000 0000 | 00eb 0d4f | 8954 18f8 | 4983 c3f8 | 4d89 5f48 | 33c0 e96f | f9ff ff89 
  0x0000027dcdbc3c24: 7c24 3c44 | 8944 2440 | 4c89 6c24 | 5044 895c | 2444 4889 | 7424 5848 | 896c 2460 | 4489 5424 
  0x0000027dcdbc3c44: 68e9 cff6 | ffff 4489 | 5c24 30e9 | b4f3 ffff | 498b afb8 | 0100 0041 | 8bb2 3402 | 0000 4c8b 
  0x0000027dcdbc3c64: d549 81c2 | 1010 0000 | 4d3b 97c8 | 0100 000f | 8325 0b00 | 004d 8997 | b801 0000 | 410f 0d8a 
  0x0000027dcdbc3c84: c000 0000 | 48c7 4500 | 0100 0000 | 410f 0d8a | 0001 0000 

  0x0000027dcdbc3c98: ;   {metadata('org/eclipse/swt/widgets/Widget'[])}
  0x0000027dcdbc3c98: c745 08d8 | 9a2c 0141 | 0f0d 8a40 | 0100 00c7 | 450c 0004 | 0000 410f | 0d8a 8001 | 0000 488b 
  0x0000027dcdbc3cb8: fd48 83c7 | 10b9 0002 | 0000 c5fd | efc0 e90d | 0000 00c5 | fe7f 07c5 | fe7f 4720 | 4883 c740 
  0x0000027dcdbc3cd8: 4883 e908 | 7ded 4883 | c104 7c0c | c5fe 7f07 | 4883 c720 | 4883 e904 | 4883 c104 | 7e17 48c7 
  0x0000027dcdbc3cf8: c0ff ffff | ffc4 e2f0 | f5c0 c4e1 | fb92 f862 | f1fe 2f7f | 0741 807f | 4000 0f85 | 2709 0000 
  0x0000027dcdbc3d18: 4c8b d54c | 8b5c 2448 | 4589 9334 | 0200 004d | 8bd3 4c8b | dd4d 33da | 49c1 eb14 | 4d85 db74 
  0x0000027dcdbc3d38: 1a49 c1ea | 0948 b900 | a0f9 d47d | 0200 0049 | 03ca 8039 | 020f 8527 | 0900 004c | 8b54 2448 
  0x0000027dcdbc3d58: 4589 a228 | 0100 0045 | 8b9a 6401 | 0000 4585 | db0f 84e9 | 1200 008b | ee89 5c24 | 2c48 ff74 
  0x0000027dcdbc3d78: 2448 488f | 4424 2049 | 8bd3 41b8 | 2d00 0000 

  0x0000027dcdbc3d88: ;   {optimized virtual_call}
  0x0000027dcdbc3d88: c5f8 77e8 

  0x0000027dcdbc3d8c: ; ImmutableOopMap {rbp=NarrowOop [32]=Oop [72]=Oop }
                      ;*invokevirtual hooks {reexecute=0 rethrow=0 return_oop=0}
                      ; - org.eclipse.swt.widgets.Display::runSkin@45 (line 4217)
                      ; - org.eclipse.swt.widgets.Display::readAndDispatch@13 (line 3727)
  0x0000027dcdbc3d8c: 3000 0d00 

  0x0000027dcdbc3d90: ;   {other}
  0x0000027dcdbc3d90: 0f1f 8400 | 8013 000f | 85c0 0f84 | d412 0000 | 448b d545 | 8b5a 0c45 | 85db 0f86 | 4c12 0000 
  0x0000027dcdbc3db0: 4d63 db4c | 6344 242c | 49ff c84d | 3bc3 0f83 | 3812 0000 | 4d8b c233 | f649 bb00 | a0f9 d47d 
  0x0000027dcdbc3dd0: 0200 004c | 895c 2430 | e921 0100 | 0049 8b7f | 384a 894c | 0ff8 4983 | c1f8 4d89 | 4f28 6690 
  0x0000027dcdbc3df0: 4589 64b2 | 104d 8b8f | b801 0000 | 498b c948 | 81c1 8800 | 0000 81e3 | ffff dfff | 4189 5b14 
  0x0000027dcdbc3e10: 493b 8fc8 | 0100 000f | 83cb 0700 | 0049 898f | b801 0000 | 0f0d 89c0 | 0000 0049 | c701 0100 
  0x0000027dcdbc3e30: 0000 498b | d948 83c3 

  0x0000027dcdbc3e38: ;   {metadata('org/eclipse/swt/widgets/Event')}
  0x0000027dcdbc3e38: 6841 c741 | 0890 4e2d | 0149 8bf9 | 4883 c710 | 4589 610c | b90a 0000 | 00c5 f5ef | c9e9 0d00 
  0x0000027dcdbc3e58: 0000 c5fe | 7f0f c5fe | 7f4f 2048 | 83c7 4048 | 83e9 087d | ed48 83c1 | 047c 0cc5 | fe7f 0f48 
  0x0000027dcdbc3e78: 83c7 2048 | 83e9 0448 | 83c1 047e | 1748 c7c0 | ffff ffff | c4e2 f0f5 | c0c4 e1fb | 92f8 62f1 
  0x0000027dcdbc3e98: fe2f 7f0f | c5fd efc0 | 62f1 fe28 | 7f03 4489 | 5424 284c | 8944 2438 | 8974 2440 | 4489 5c24 
  0x0000027dcdbc3eb8: 4449 c741 | 6000 0001 | 0044 8b54 | 2444 4589 | 5168 488b | 5424 2041 | b82d 0000 | 0066 6690 
  0x0000027dcdbc3ed8: ;   {optimized virtual_call}
  0x0000027dcdbc3ed8: c5f8 77e8 

  0x0000027dcdbc3edc: ; ImmutableOopMap {[32]=Oop [40]=NarrowOop [56]=Oop }
                      ;*invokevirtual sendEvent {reexecute=0 rethrow=0 return_oop=0}
                      ; - org.eclipse.swt.widgets.Display::runSkin@112 (line 4225)
                      ; - org.eclipse.swt.widgets.Display::readAndDispatch@13 (line 3727)
  0x0000027dcdbc3edc: a08f 44f9 

  0x0000027dcdbc3ee0: ;   {other}
  0x0000027dcdbc3ee0: 0f1f 8400 | d014 0010 | 448b 5424 | 284c 8b44 | 2438 8b74 | 2440 ffc6 | 3b74 242c | 7d6b 458b 
  0x0000027dcdbc3f00: 5cb2 1041 | 8b5b 14f6 | c301 75ea | 4180 7f40 | 000f 84d9 | feff ff41 | 8b4c b210 | 85c9 0f84 
  0x0000027dcdbc3f20: ccfe ffff | 4d8b 4f28 | 4d85 c90f | 85ac feff | ff45 8beb | 448b f649 | 8be8 418b | f249 8bd7 
  0x0000027dcdbc3f40: c5f8 7749 | bac0 1405 | b1f9 7f00 | 0041 ffd2 

  0x0000027dcdbc3f50: ;   {other}
  0x0000027dcdbc3f50: 0f1f 8400 | 0000 0000 | 448b d64c | 8bc5 418b | f645 8bdd | e987 feff | ff48 ff74 | 2420 488f 
  0x0000027dcdbc3f70: 4424 48e9 | d3ef ffff | 0f1f 8400 | 0000 0000 | 48ff 7424 | 2848 8f44 | 2430 8b7c | 2438 448b 
  0x0000027dcdbc3f90: 5c24 3c4c | 8b4c 2440 | eb51 4180 | 7f40 000f | 85c3 0700 | 004c 8b54 | 2448 4589 | a2f0 0000 
  0x0000027dcdbc3fb0: 0045 8b9a | b801 0000 | 4589 a2b8 | 0100 0085 | ff0f 8e98 | efff ff45 | 8b53 0c45 | 85d2 0f86 
  0x0000027dcdbc3fd0: 4410 0000 | 4d63 c24c | 63d7 49ff | ca4d 3bd0 | 0f83 3210 | 0000 4d8b | cb33 ed45 | 8b44 ab10 
  0x0000027dcdbc3ff0: ; implicit exception: dispatches to 0x0000027dcdbc5404
  0x0000027dcdbc3ff0: 458b 5014 | 4183 e201 | 4585 d20f | 85d5 0f00 | 004c 894c | 2440 4489 | 5c24 3c89 | 7c24 3848 
  0x0000027dcdbc4010: ff74 2430 | 488f 4424 | 2849 8bd0 | 4533 c090 

  0x0000027dcdbc4020: ;   {optimized virtual_call}
  0x0000027dcdbc4020: c5f8 77e8 

  0x0000027dcdbc4024: ; ImmutableOopMap {[60]=NarrowOop [64]=Oop [72]=Oop }
                      ;*invokevirtual setLayoutDeferred {reexecute=0 rethrow=0 return_oop=0}
                      ; - org.eclipse.swt.widgets.Display::runDeferredLayouts@48 (line 4171)
                      ; - org.eclipse.swt.widgets.Display::readAndDispatch@18 (line 3728)
  0x0000027dcdbc4024: d800 d2f9 

  0x0000027dcdbc4028: ;   {other}
  0x0000027dcdbc4028: 0f1f 8400 | 1816 0011 | ffc5 3b6c | 2438 0f8c | 44ff ffff | 48ff 7424 | 2848 8f44 | 2430 e914 
  0x0000027dcdbc4048: efff ff44 | 8b93 8400 | 0000 4585 | d20f 84b1 | eeff ff4d | 8b5f 2849 | 8bca 4d85 | db0f 84b9 
  0x0000027dcdbc4068: 0700 004d | 8b57 384b | 894c 1af8 | 4983 c3f8 | 4d89 5f28 | e98b eeff | ff4c 8b54 | 2448 458b 
  0x0000027dcdbc4088: 9250 0100 | 0045 85d2 | 0f84 ebf4 | ffff 4d8b | 5f28 498b | ca4d 85db | 0f84 d909 | 0000 4d8b 
  0x0000027dcdbc40a8: 5738 4b89 | 4c1a f849 | 83c3 f84d | 895f 28e9 | c5f4 ffff | 418b 4b0c | 85c9 0f86 | 9000 0000 
  0x0000027dcdbc40c8: 448d 49ff | 443b c90f | 835b 1000 | 004d 8bc3 | 33ed eb18 | 0f1f 4000 | 448b 5c24 | 248b 4c24 
  0x0000027dcdbc40e8: 304c 8b44 | 2438 ffc5 | 3be9 7d64 | 458b 54ab | 1045 85d2 | 74f0 4c89 | 4424 3889 | 4c24 3044 
  0x0000027dcdbc4108: 895c 2424 | 4d8b da4c | 895c 2440 | 4489 5424 | 2049 8bd3 

  0x0000027dcdbc411c: ;   {optimized virtual_call}
  0x0000027dcdbc411c: c5f8 77e8 

  0x0000027dcdbc4120: ; ImmutableOopMap {[32]=NarrowOop [36]=NarrowOop [56]=Oop [64]=Oop [72]=Oop }
                      ;*invokevirtual isDisposed {reexecute=0 rethrow=0 return_oop=0}
                      ; - org.eclipse.swt.widgets.Display::drawMenuBars@32 (line 1294)
                      ; - org.eclipse.swt.widgets.Display::readAndDispatch@9 (line 3726)
  0x0000027dcdbc4120: 9c50 4700 

  0x0000027dcdbc4124: ;   {other}
  0x0000027dcdbc4124: 0f1f 8400 | 1417 0012 | 85c0 75b0 | 488b 5424 | 4066 6690 

  0x0000027dcdbc4138: ;   {optimized virtual_call}
  0x0000027dcdbc4138: c5f8 77e8 

  0x0000027dcdbc413c: ; ImmutableOopMap {[36]=NarrowOop [56]=Oop [72]=Oop }
                      ;*invokevirtual update {reexecute=0 rethrow=0 return_oop=0}
                      ; - org.eclipse.swt.widgets.Display::drawMenuBars@39 (line 1294)
                      ; - org.eclipse.swt.widgets.Display::readAndDispatch@9 (line 3726)
  0x0000027dcdbc413c: a0a9 c4f9 

  0x0000027dcdbc4140: ;   {other}
  0x0000027dcdbc4140: 0f1f 8400 | 3017 0013 | 448b 5c24 | 248b 4c24 | 304c 8b44 | 2438 eb96 | 4180 7f40 | 000f 8545 
  0x0000027dcdbc4160: 0700 004c | 8b54 2448 | 4589 a284 | 0100 00e9 | b4ed ffff | 4d8b 5f28 | 4d85 db0f | 84ee 0700 
  0x0000027dcdbc4180: 004d 8b47 | 384b 896c | 18f8 4983 | c3f8 4d89 | 5f28 e977 | f4ff ff44 | 8b54 2448 | 458b 5214 
  0x0000027dcdbc41a0: 4585 d20f | 8413 f6ff | ff4d 8b5f | 2849 8bca | 4d85 db0f | 8442 0900 | 004d 8b57 | 384b 894c 
  0x0000027dcdbc41c0: 1af8 4983 | c3f8 4d89 | 5f28 e9ed | f5ff ff48 | 8b6c 2428 | 448b 5d0c | 4585 db0f | 8453 f7ff 
  0x0000027dcdbc41e0: ff4d 8b57 | 2849 8bcb | 4d85 d20f | 8447 0900 | 004d 8b5f | 384b 894c | 13f8 4983 | c2f8 4d89 
  0x0000027dcdbc4200: 5728 e92d | f7ff ff44 | 8b5b 1445 | 85db 0f84 | 3ef8 ffff | 4d8b 5728 | 498b cb4d | 85d2 0f84 
  0x0000027dcdbc4220: 3409 0000 | 4d8b 5f38 | 4b89 4c13 | f849 83c2 | f84d 8957 | 28e9 18f8 | ffff 4d8b 

  0x0000027dcdbc423c: ;   {no_reloc}
  0x0000027dcdbc423c: 5748 4d8b | 5f58 f083 | 4424 c000 | 8039 000f | 84ab f5ff | ff44 8821 | 4d85 d275 | 2049 8bd7 
  0x0000027dcdbc425c: c5f8 7749 | baa0 1405 | b1f9 7f00 | 0041 ffd2 

  0x0000027dcdbc426c: ;   {other}
  0x0000027dcdbc426c: 0f1f 8400 | 0000 0000 | e983 f5ff | ff4b 894c | 13f8 4983 | c2f8 4d89 | 5748 e971 | f5ff ff33 
  0x0000027dcdbc428c: edeb 1090 | bd01 0000 | 0048 ff74 | 2428 488f | 4424 3045 | 8b4a 0c45 | 85c9 0f86 | 040e 0000 
  0x0000027dcdbc42ac: 498b ca49 | 8d52 108b | 1a85 db0f | 84d8 0000 | 0041 8d79 | ff44 3bcf | 0f82 220e | 0000 85ff 
  0x0000027dcdbc42cc: 0f8c 1a0e | 0000 4963 | f141 83f9 | 0174 2049 | 8d4a 144c | 8d46 ffc5 | f877 49ba | 8029 20cd 
  0x0000027dcdbc42ec: 7d02 0000 

  0x0000027dcdbc42f0: ;   {other}
  0x0000027dcdbc42f0: 41ff d20f | 1f84 0000 | 0000 004c | 8b54 2448 | 418b aa88 | 0100 0044 | 8b55 0c41 | 3bfa 0f83 
  0x0000027dcdbc4310: b80d 0000 | 4180 7f40 | 000f 85b9 | 0400 0089 | 5c24 3848 | ff74 2430 | 488f 4424 | 2844 8964 
  0x0000027dcdbc4330: b50c 488b | 5424 4890 

  0x0000027dcdbc4338: ;   {optimized virtual_call}
  0x0000027dcdbc4338: c5f8 77e8 

  0x0000027dcdbc433c: ; ImmutableOopMap {[56]=NarrowOop [72]=Oop }
                      ;*invokevirtual runDeferredEvents {reexecute=0 rethrow=0 return_oop=0}
                      ; - org.eclipse.swt.widgets.Display::runPopups@59 (line 4187)
                      ; - org.eclipse.swt.widgets.Display::readAndDispatch@23 (line 3729)
  0x0000027dcdbc433c: 208e 91f9 

  0x0000027dcdbc4340: ;   {other}
  0x0000027dcdbc4340: 0f1f 8400 | 3019 0014 | 448b 5424 | 3849 8bea | 498b d290 

  0x0000027dcdbc4354: ;   {optimized virtual_call}
  0x0000027dcdbc4354: c5f8 77e8 

  0x0000027dcdbc4358: ; ImmutableOopMap {rbp=Oop [56]=NarrowOop [72]=Oop }
                      ;*invokevirtual isDisposed {reexecute=0 rethrow=0 return_oop=0}
                      ; - org.eclipse.swt.widgets.Display::runPopups@64 (line 4188)
                      ; - org.eclipse.swt.widgets.Display::readAndDispatch@23 (line 3729)
  0x0000027dcdbc4358: 644e 4700 

  0x0000027dcdbc435c: ;   {other}
  0x0000027dcdbc435c: 0f1f 8400 | 4c19 0015 | 85c0 0f84 | b100 0000 | 4d8b 8f50 | 0400 004c | 8b54 2448 | 458b 9288 
  0x0000027dcdbc437c: ; ImmutableOopMap {r10=NarrowOop [72]=Oop }
                      ;*ifnonnull {reexecute=1 rethrow=0 return_oop=0}
                      ; - (reexecute) org.eclipse.swt.widgets.Display::runPopups@81 (line 4181)
                      ; - org.eclipse.swt.widgets.Display::readAndDispatch@23 (line 3729)
                      ;   {poll}
  0x0000027dcdbc437c: 0100 0041 | 8501 4585 | d20f 8505 | ffff ff48 | ff74 2428 | 488f 4424 | 3041 807f | 4000 0f85 
  0x0000027dcdbc439c: 2007 0000 | 4c8b 5424 | 4845 89a2 | 8801 0000 | e9c3 ebff | ff4c 896c | 2438 4489 | 4424 3089 
  0x0000027dcdbc43bc: 7c24 2c89 | 7424 2849 | 8bd2 6690 

  0x0000027dcdbc43c8: ;   {optimized virtual_call}
  0x0000027dcdbc43c8: c5f8 77e8 

  0x0000027dcdbc43cc: ; ImmutableOopMap {rbp=Oop [44]=NarrowOop [48]=NarrowOop [56]=Oop [72]=Oop }
                      ;*invokevirtual isDisposed {reexecute=0 rethrow=0 return_oop=0}
                      ; - org.eclipse.swt.widgets.Display::runDeferredEvents@81 (line 4145)
                      ; - org.eclipse.swt.widgets.Display::readAndDispatch@69 (line 3735)
  0x0000027dcdbc43cc: f04d 4700 

  0x0000027dcdbc43d0: ;   {other}
  0x0000027dcdbc43d0: 0f1f 8400 | c019 0017 | 85c0 0f84 | 4c02 0000 | 8b74 2428 | e92e edff | ff45 8b54 | 9d0c 4585 
  0x0000027dcdbc43f0: d20f 84b5 | edff ff4d | 8b5f 2849 | 8bca 4d85 | db0f 846d | 0900 004d | 8b57 384b | 894c 1af8 
  0x0000027dcdbc4410: 4983 c3f8 | 4d89 5f28 | e98f edff | ff48 8bd5 | 41b8 0100 | 0000 6690 

  0x0000027dcdbc4428: ;   {optimized virtual_call}
  0x0000027dcdbc4428: c5f8 77e8 

  0x0000027dcdbc442c: ; ImmutableOopMap {[72]=Oop }
                      ;*invokevirtual _setVisible {reexecute=0 rethrow=0 return_oop=0}
                      ; - org.eclipse.swt.widgets.Display::runPopups@72 (line 4188)
                      ; - org.eclipse.swt.widgets.Display::readAndDispatch@23 (line 3729)
  0x0000027dcdbc442c: d615 0000 

  0x0000027dcdbc4430: ;   {other}
  0x0000027dcdbc4430: 0f1f 8400 | 201a 0018 | e92f ffff | ff85 f60f | 8406 f7ff | ff4d 8b5f | 284d 85db | 0f84 ca0a 
  0x0000027dcdbc4450: 0000 4d8b | 4738 4f89 | 5418 f849 | 83c3 f84d | 895f 28e9 | e3f6 ffff | 448b 1f45 | 85db 0f84 
  0x0000027dcdbc4470: 39f7 ffff | 4d8b 5728 | 498b cb4d | 85d2 0f84 | bb0a 0000 | 4d8b 5f38 | 4b89 4c13 | f849 83c2 
  0x0000027dcdbc4490: f84d 8957 | 28e9 13f7 | ffff 4d8b | 5748 4d8b | 5f58 f083 | 4424 c000 | 8039 000f | 84da f6ff 
  0x0000027dcdbc44b0: ff44 8821 | 4d85 d275 | 2049 8bd7 | c5f8 7749 | baa0 1405 | b1f9 7f00 | 0041 ffd2 

  0x0000027dcdbc44cc: ;   {other}
  0x0000027dcdbc44cc: 0f1f 8400 | 0000 0000 | e9b2 f6ff | ff4b 894c | 13f8 4983 | c2f8 4d89 | 5748 e9a0 | f6ff ff85 
  0x0000027dcdbc44ec: f60f 8465 | f1ff ff4d | 8b5f 284d | 85db 0f84 | 5f0a 0000 | 4d8b 4738 | 4f89 5418 | f849 83c3 
  0x0000027dcdbc450c: f84d 895f | 28e9 42f1 | ffff 458b | 1645 85d2 | 0f84 98f1 | ffff 4d8b | 5f28 498b | ca4d 85db 
  0x0000027dcdbc452c: 0f84 6a0a | 0000 4d8b | 5738 4b89 | 4c1a f849 | 83c3 f84d | 895f 28e9 | 72f1 ffff | 4d8b 5748 
  0x0000027dcdbc454c: 4d8b 5f58 | f083 4424 | c000 8039 | 000f 8439 | f1ff ff44 | 8821 4d85 | d275 3048 | 896c 2428 
  0x0000027dcdbc456c: 448b f649 | 8bd7 c5f8 | 7749 baa0 | 1405 b1f9 | 7f00 0041 

  0x0000027dcdbc4580: ;   {other}
  0x0000027dcdbc4580: ffd2 0f1f | 8400 0000 | 0000 418b | f648 8b6c | 2428 e901 | f1ff ff4b | 894c 13f8 | 4983 c2f8 
  0x0000027dcdbc45a0: 4d89 5748 | e9ef f0ff | ffba 45ff | ffff 4889 | 7c24 3048 | 897c 2438 

  0x0000027dcdbc45b8: ;   {runtime_call UncommonTrapBlob}
  0x0000027dcdbc45b8: c5f8 77e8 

  0x0000027dcdbc45bc: ; ImmutableOopMap {rbp=NarrowOop [48]=Oop [56]=Oop [72]=NarrowOop }
                      ;*ifne {reexecute=1 rethrow=0 return_oop=0}
                      ; - (reexecute) org.eclipse.swt.widgets.Display::sendJDKInternalEvent@15 (line 4318)
                      ; - org.eclipse.swt.widgets.Display::sendPreEvent@28 (line 4359)
                      ; - org.eclipse.swt.widgets.Synchronizer::runAsyncMessages@33 (line 130)
                      ; - org.eclipse.swt.widgets.Display::runAsyncMessages@5 (line 4122)
                      ; - org.eclipse.swt.widgets.Display::readAndDispatch@84 (line 3738)
  0x0000027dcdbc45bc: 4037 66ff 

  0x0000027dcdbc45c0: ;   {other}
  0x0000027dcdbc45c0: 0f1f 8400 | b01b 0019 | ba45 ffff | ff89 5c24 | 2089 4424 | 2466 6690 

  0x0000027dcdbc45d8: ;   {runtime_call UncommonTrapBlob}
  0x0000027dcdbc45d8: c5f8 77e8 

  0x0000027dcdbc45dc: ; ImmutableOopMap {rbp=Oop [32]=NarrowOop [36]=NarrowOop }
                      ;*ifne {reexecute=1 rethrow=0 return_oop=0}
                      ; - (reexecute) org.eclipse.swt.widgets.Display::sendJDKInternalEvent@15 (line 4318)
                      ; - org.eclipse.swt.widgets.Display::sendPostEvent@28 (line 4367)
                      ; - org.eclipse.swt.widgets.Synchronizer::runAsyncMessages@160 (line 138)
                      ; - org.eclipse.swt.widgets.Display::runAsyncMessages@5 (line 4122)
                      ; - org.eclipse.swt.widgets.Display::readAndDispatch@84 (line 3738)
  0x0000027dcdbc45dc: 2037 66ff 

  0x0000027dcdbc45e0: ;   {other}
  0x0000027dcdbc45e0: 0f1f 8400 | d01b 001a | 8974 2440 | 4c89 4424 | 3844 8954 | 2428 498b | eb44 895c 

  0x0000027dcdbc45fc: ;   {metadata('org/eclipse/swt/widgets/Event')}
  0x0000027dcdbc45fc: 2444 48ba | 904e 2ddc | 7d02 0000 | 4c8b 5424 | 204c 8954 | 2448 6690 

  0x0000027dcdbc4614: ;   {runtime_call _new_instance_Java}
  0x0000027dcdbc4614: c5f8 77e8 

  0x0000027dcdbc4618: ; ImmutableOopMap {rbp=Oop [32]=Oop [40]=NarrowOop [56]=Oop [68]=NarrowOop [72]=Oop }
                      ;*new {reexecute=0 rethrow=0 return_oop=1}
                      ; - org.eclipse.swt.widgets.Display::runSkin@91 (line 4223)
                      ; - org.eclipse.swt.widgets.Display::readAndDispatch@13 (line 3727)
  0x0000027dcdbc4618: 64bc 73ff 

  0x0000027dcdbc461c: ;   {other}
  0x0000027dcdbc461c: 0f1f 8400 | 0c1c 001b | 4c8b c8e9 | 8df8 ffff | 8b7c 242c | 448b 4424 | 304c 8b6c | 2438 e99a 
  0x0000027dcdbc463c: ebff ff4c | 8b54 2448 | 458b 9a34 | 0200 0045 | 85db 0f84 | c4f6 ffff | 4d8b 5728 | 498b cb4d 
  0x0000027dcdbc465c: 85d2 0f84 | d409 0000 | 4d8b 5f38 | 4b89 4c13 | f849 83c2 | f84d 8957 | 28e9 9ef6 | ffff 4d8b 
  0x0000027dcdbc467c: 5758 4d8b | 5f48 f083 | 4424 c000 | 8039 000f | 84c2 f6ff | ff44 8821 | 4d85 db75 | 2049 8bd7 
  0x0000027dcdbc469c: c5f8 7749 | baa0 1405 | b1f9 7f00 | 0041 ffd2 

  0x0000027dcdbc46ac: ;   {other}
  0x0000027dcdbc46ac: 0f1f 8400 | 0000 0000 | e99a f6ff | ff4b 894c | 1af8 4983 | c3f8 4d89 | 5f48 e988 | f6ff ffc4 
  0x0000027dcdbc46cc: c179 7ee2 | eb13 c4c1 | 797e e2eb | 0cc4 c179 | 7ee2 eb05 | c4c1 797e | e2ba 45ff | ffff 4489 
  0x0000027dcdbc46ec: 4424 2044 | 8954 242c | 897c 2430 | 4489 5424 | 3844 895c | 243c 6690 

  0x0000027dcdbc4704: ;   {runtime_call UncommonTrapBlob}
  0x0000027dcdbc4704: c5f8 77e8 

  0x0000027dcdbc4708: ; ImmutableOopMap {[32]=NarrowOop [44]=NarrowOop [48]=NarrowOop [56]=NarrowOop [72]=Oop }
                      ;*ifne {reexecute=1 rethrow=0 return_oop=0}
                      ; - (reexecute) org.eclipse.swt.widgets.Display::sendJDKInternalEvent@15 (line 4318)
                      ; - org.eclipse.swt.widgets.Display::sendPreEvent@28 (line 4359)
                      ; - org.eclipse.swt.widgets.Display::filterEvent@14 (line 1337)
                      ; - org.eclipse.swt.widgets.Widget::sendEvent@7 (line 1216)
                      ; - org.eclipse.swt.widgets.Display::runDeferredEvents@92 (line 4147)
                      ; - org.eclipse.swt.widgets.Display::readAndDispatch@69 (line 3735)
  0x0000027dcdbc4708: f435 66ff 

  0x0000027dcdbc470c: ;   {other}
  0x0000027dcdbc470c: 0f1f 8400 | fc1c 001c | ba45 ffff | ff66 6690 

  0x0000027dcdbc471c: ;   {runtime_call UncommonTrapBlob}
  0x0000027dcdbc471c: c5f8 77e8 

  0x0000027dcdbc4720: ; ImmutableOopMap {rbp=NarrowOop [60]=NarrowOop [64]=NarrowOop [72]=Oop }
                      ;*ifne {reexecute=1 rethrow=0 return_oop=0}
                      ; - (reexecute) org.eclipse.swt.widgets.Display::sendJDKInternalEvent@15 (line 4318)
                      ; - org.eclipse.swt.widgets.Display::sendPostEvent@28 (line 4367)
                      ; - org.eclipse.swt.widgets.Display::filterEvent@38 (line 1341)
                      ; - org.eclipse.swt.widgets.Widget::sendEvent@7 (line 1216)
                      ; - org.eclipse.swt.widgets.Display::runDeferredEvents@92 (line 4147)
                      ; - org.eclipse.swt.widgets.Display::readAndDispatch@69 (line 3735)
  0x0000027dcdbc4720: dc35 66ff 

  0x0000027dcdbc4724: ;   {other}
  0x0000027dcdbc4724: 0f1f 8400 | 141d 001d | ba45 ffff | ff89 5c24 | 2844 894c | 242c 4489 | 5c24 3890 

  0x0000027dcdbc4740: ;   {runtime_call UncommonTrapBlob}
  0x0000027dcdbc4740: c5f8 77e8 

  0x0000027dcdbc4744: ; ImmutableOopMap {rbp=NarrowOop [40]=NarrowOop [44]=NarrowOop [72]=Oop }
                      ;*ifne {reexecute=1 rethrow=0 return_oop=0}
                      ; - (reexecute) org.eclipse.swt.widgets.Display::sendJDKInternalEvent@15 (line 4318)
                      ; - org.eclipse.swt.widgets.Display::sendPreEvent@28 (line 4359)
                      ; - org.eclipse.swt.widgets.Display::sendEvent@7 (line 4347)
                      ; - org.eclipse.swt.widgets.Widget::sendEvent@26 (line 1217)
                      ; - org.eclipse.swt.widgets.Display::runDeferredEvents@92 (line 4147)
                      ; - org.eclipse.swt.widgets.Display::readAndDispatch@69 (line 3735)
  0x0000027dcdbc4744: b835 66ff 

  0x0000027dcdbc4748: ;   {other}
  0x0000027dcdbc4748: 0f1f 8400 | 381d 001e | ba45 ffff | ff66 6690 

  0x0000027dcdbc4758: ;   {runtime_call UncommonTrapBlob}
  0x0000027dcdbc4758: c5f8 77e8 

  0x0000027dcdbc475c: ; ImmutableOopMap {rbp=NarrowOop [72]=Oop }
                      ;*ifne {reexecute=1 rethrow=0 return_oop=0}
                      ; - (reexecute) org.eclipse.swt.widgets.Display::sendJDKInternalEvent@15 (line 4318)
                      ; - org.eclipse.swt.widgets.Display::sendPostEvent@28 (line 4367)
                      ; - org.eclipse.swt.widgets.Display::sendEvent@30 (line 4351)
                      ; - org.eclipse.swt.widgets.Widget::sendEvent@26 (line 1217)
                      ; - org.eclipse.swt.widgets.Display::runDeferredEvents@92 (line 4147)
                      ; - org.eclipse.swt.widgets.Display::readAndDispatch@69 (line 3735)
  0x0000027dcdbc475c: a035 66ff 

  0x0000027dcdbc4760: ;   {other}
  0x0000027dcdbc4760: 0f1f 8400 | 501d 001f | 458b 92b8 | 0100 0045 | 85d2 0f84 | 2df8 ffff | 4d8b 5f28 | 498b ca4d 
  0x0000027dcdbc4780: 85db 0f84 | 0809 0000 | 4d8b 5738 | 4b89 4c1a | f849 83c3 | f84d 895f | 28e9 07f8 | ffff 8974 
  0x0000027dcdbc47a0: 2424 895c | 2420 41b8 | 0004 0000 

  0x0000027dcdbc47ac: ;   {metadata('org/eclipse/swt/widgets/Widget'[])}
  0x0000027dcdbc47ac: 48ba d89a | 2cdc 7d02 | 0000 6690 

  0x0000027dcdbc47b8: ;   {runtime_call _new_array_Java}
  0x0000027dcdbc47b8: c5f8 77e8 

  0x0000027dcdbc47bc: ; ImmutableOopMap {[36]=NarrowOop [72]=Oop }
                      ;*anewarray {reexecute=0 rethrow=0 return_oop=1}
                      ; - org.eclipse.swt.widgets.Display::runSkin@21 (line 4215)
                      ; - org.eclipse.swt.widgets.Display::readAndDispatch@13 (line 3727)
  0x0000027dcdbc47bc: 4009 74ff 

  0x0000027dcdbc47c0: ;   {other}
  0x0000027dcdbc47c0: 0f1f 8400 | b01d 0020 | 8b5c 2420 | 488b e88b | 7424 24e9 | 35f5 ffff | 448b 5cb5 | 0c45 85db 
  0x0000027dcdbc47e0: 0f84 39fb | ffff 4d8b | 5728 498b | cb4d 85d2 | 0f84 1a09 | 0000 4d8b | 5f38 4b89 | 4c13 f849 
  0x0000027dcdbc4800: 83c2 f84d | 8957 28e9 | 13fb ffff | baf6 ffff | ff41 8beb 

  0x0000027dcdbc4814: ;   {runtime_call UncommonTrapBlob}
  0x0000027dcdbc4814: c5f8 77e8 

  0x0000027dcdbc4818: ; ImmutableOopMap {rbp=NarrowOop }
                      ;*invokevirtual poll {reexecute=0 rethrow=0 return_oop=0}
                      ; - org.eclipse.swt.widgets.Synchronizer::removeFirst@4 (line 115)
                      ; - org.eclipse.swt.widgets.Synchronizer::runAsyncMessages@3 (line 125)
                      ; - org.eclipse.swt.widgets.Display::runAsyncMessages@5 (line 4122)
                      ; - org.eclipse.swt.widgets.Display::readAndDispatch@84 (line 3738)
  0x0000027dcdbc4818: e434 66ff 

  0x0000027dcdbc481c: ;   {other}
  0x0000027dcdbc481c: 0f1f 8400 | 0c1e 0021 | 498b d7c5 | f877 49ba | c014 05b1 | f97f 0000 

  0x0000027dcdbc4834: ;   {other}
  0x0000027dcdbc4834: 41ff d20f | 1f84 0000 | 0000 00e9 | c8e6 ffff | ba45 ffff | ff48 8b6c | 2448 4489 | 5c24 2890 
  0x0000027dcdbc4854: ;   {runtime_call UncommonTrapBlob}
  0x0000027dcdbc4854: c5f8 77e8 

  0x0000027dcdbc4858: ; ImmutableOopMap {rbp=Oop [40]=NarrowOop }
                      ;*ifnonnull {reexecute=1 rethrow=0 return_oop=0}
                      ; - (reexecute) org.eclipse.swt.widgets.Display::checkDevice@4 (line 876)
                      ; - org.eclipse.swt.widgets.Display::readAndDispatch@1 (line 3724)
  0x0000027dcdbc4858: a434 66ff 

  0x0000027dcdbc485c: ;   {other}
  0x0000027dcdbc485c: 0f1f 8400 | 4c1e 0022 | ba45 ffff | ff48 8b6c | 2448 4489 | 5c24 284c | 8944 2430 

  0x0000027dcdbc4878: ;   {runtime_call UncommonTrapBlob}
  0x0000027dcdbc4878: c5f8 77e8 

  0x0000027dcdbc487c: ; ImmutableOopMap {rbp=Oop [40]=NarrowOop [48]=Oop }
                      ;*if_acmpeq {reexecute=1 rethrow=0 return_oop=0}
                      ; - (reexecute) org.eclipse.swt.widgets.Display::checkDevice@20 (line 877)
                      ; - org.eclipse.swt.widgets.Display::readAndDispatch@1 (line 3724)
  0x0000027dcdbc487c: 8034 66ff 

  0x0000027dcdbc4880: ;   {other}
  0x0000027dcdbc4880: 0f1f 8400 | 701e 0023 | ba45 ffff | ff48 8b6c | 2448 4489 | 5c24 2890 

  0x0000027dcdbc4898: ;   {runtime_call UncommonTrapBlob}
  0x0000027dcdbc4898: c5f8 77e8 

  0x0000027dcdbc489c: ; ImmutableOopMap {rbp=Oop }
                      ;*ifeq {reexecute=1 rethrow=0 return_oop=0}
                      ; - (reexecute) org.eclipse.swt.widgets.Display::checkDevice@33 (line 878)
                      ; - org.eclipse.swt.widgets.Display::readAndDispatch@1 (line 3724)
  0x0000027dcdbc489c: 6034 66ff 

  0x0000027dcdbc48a0: ;   {other}
  0x0000027dcdbc48a0: 0f1f 8400 | 901e 0024 | 4c8b 5424 | 4845 8b92 | 8401 0000 | 4585 d20f | 84a6 f8ff | ff4d 8b5f 
  0x0000027dcdbc48c0: 2849 8bca | 4d85 db0f | 8487 0800 | 004d 8b57 | 384b 894c | 1af8 4983 | c3f8 4d89 | 5f28 e980 
  0x0000027dcdbc48e0: f8ff ffba | deff ffff | 8b6c 2448 | 4489 6c24 | 2066 6690 

  0x0000027dcdbc48f4: ;   {runtime_call UncommonTrapBlob}
  0x0000027dcdbc48f4: c5f8 77e8 

  0x0000027dcdbc48f8: ; ImmutableOopMap {rbp=NarrowOop [32]=NarrowOop }
                      ;*checkcast {reexecute=0 rethrow=0 return_oop=0}
                      ; - org.eclipse.swt.widgets.Synchronizer::removeFirst@7 (line 115)
                      ; - org.eclipse.swt.widgets.Synchronizer::runAsyncMessages@3 (line 125)
                      ; - org.eclipse.swt.widgets.Display::runAsyncMessages@5 (line 4122)
                      ; - org.eclipse.swt.widgets.Display::readAndDispatch@84 (line 3738)
  0x0000027dcdbc48f8: 0434 66ff 

  0x0000027dcdbc48fc: ;   {other}
  0x0000027dcdbc48fc: 0f1f 8400 | ec1e 0025 | 4889 7c24 | 3848 ff74 | 2420 488f | 4424 2848 | 8944 24f8 | 8b44 2448 
  0x0000027dcdbc491c: 8944 2420 | 488b 4424 | f848 8b6c | 2430 488b | d74c 8d44 | 2470 6690 

  0x0000027dcdbc4934: ;   {runtime_call _complete_monitor_locking_Java}
  0x0000027dcdbc4934: c5f8 77e8 

  0x0000027dcdbc4938: ; ImmutableOopMap {[32]=NarrowOop [40]=Oop [56]=Oop }
                      ;*monitorenter {reexecute=0 rethrow=0 return_oop=0}
                      ; - org.eclipse.swt.widgets.Synchronizer::runAsyncMessages@19 (line 128)
                      ; - org.eclipse.swt.widgets.Display::runAsyncMessages@5 (line 4122)
                      ; - org.eclipse.swt.widgets.Display::readAndDispatch@84 (line 3738)
  0x0000027dcdbc4938: c444 74ff 

  0x0000027dcdbc493c: ;   {other}
  0x0000027dcdbc493c: 0f1f 8400 | 2c1f 0026 | 4889 6c24 | 3048 8944 | 24f8 8b44 | 2420 8944 | 2448 488b | 4424 f848 
  0x0000027dcdbc495c: ff74 2428 | 488f 4424 | 2048 8b7c | 2438 e942 | eeff ff48 | 896c 2440 | 4489 6c24 | 2c4c 8954 
  0x0000027dcdbc497c: 2438 8974 | 2428 488b | 4c24 4049 | 8bd7 c5f8 | 7749 bac0 | 1405 b1f9 | 7f00 0041 

  0x0000027dcdbc4998: ;   {other}
  0x0000027dcdbc4998: ffd2 0f1f | 8400 0000 | 0000 8b74 | 2428 4c8b | 5424 3844 | 8b6c 242c | 488b 6c24 | 40e9 54ec 
  0x0000027dcdbc49b8: ffff 488b | cd48 8d54 | 2470 4d8b | c7c5 f877 | 49ba 7039 | 46b1 f97f | 0000 41ff 

  0x0000027dcdbc49d4: ;   {other}
  0x0000027dcdbc49d4: d20f 1f84 | 0000 0000 | 00e9 24f1 | ffff ba45 | ffff ff41 | 8bea 6690 

  0x0000027dcdbc49ec: ;   {runtime_call UncommonTrapBlob}
  0x0000027dcdbc49ec: c5f8 77e8 

  0x0000027dcdbc49f0: ; ImmutableOopMap {}
                      ;*ifne {reexecute=1 rethrow=0 return_oop=0}
                      ; - (reexecute) org.eclipse.swt.widgets.Display::readAndDispatch@79 (line 3738)
  0x0000027dcdbc49f0: 0c33 66ff 

  0x0000027dcdbc49f4: ;   {other}
  0x0000027dcdbc49f4: 0f1f 8400 | e41f 0027 | bae4 ffff | ff89 7424 | 2044 895c | 2424 6690 

  0x0000027dcdbc4a0c: ;   {runtime_call UncommonTrapBlob}
  0x0000027dcdbc4a0c: c5f8 77e8 

  0x0000027dcdbc4a10: ; ImmutableOopMap {[36]=NarrowOop [72]=Oop }
                      ;*aaload {reexecute=0 rethrow=0 return_oop=0}
                      ; - org.eclipse.swt.widgets.Display::runDeferredEvents@10 (line 4135)
                      ; - org.eclipse.swt.widgets.Display::readAndDispatch@69 (line 3735)
  0x0000027dcdbc4a10: ec32 66ff 

  0x0000027dcdbc4a14: ;   {other}
  0x0000027dcdbc4a14: 0f1f 8400 | 0420 0028 | ba76 ffff | ff48 897c | 2430 4889 | 7c24 3844 | 894c 2440 | 4489 4424 
  0x0000027dcdbc4a34: 4466 6690 

  0x0000027dcdbc4a38: ;   {runtime_call UncommonTrapBlob}
  0x0000027dcdbc4a38: c5f8 77e8 

  0x0000027dcdbc4a3c: ; ImmutableOopMap {rbp=NarrowOop [48]=Oop [56]=Oop [64]=NarrowOop [72]=NarrowOop }
                      ;*if_icmplt {reexecute=1 rethrow=0 return_oop=0}
                      ; - (reexecute) org.eclipse.swt.widgets.EventTable::hooks@42 (line 75)
                      ; - org.eclipse.swt.widgets.Display::sendJDKInternalEvent@12 (line 4318)
                      ; - org.eclipse.swt.widgets.Display::sendPreEvent@28 (line 4359)
                      ; - org.eclipse.swt.widgets.Synchronizer::runAsyncMessages@33 (line 130)
                      ; - org.eclipse.swt.widgets.Display::runAsyncMessages@5 (line 4122)
                      ; - org.eclipse.swt.widgets.Display::readAndDispatch@84 (line 3738)
  0x0000027dcdbc4a3c: c032 66ff 

  0x0000027dcdbc4a40: ;   {other}
  0x0000027dcdbc4a40: 0f1f 8400 | 3020 0029 | bb01 0000 | 00e9 83ee | ffff ba76 | ffff ff89 | 4424 2444 | 8944 243c 
  0x0000027dcdbc4a60: 897c 2440 

  0x0000027dcdbc4a64: ;   {runtime_call UncommonTrapBlob}
  0x0000027dcdbc4a64: c5f8 77e8 

  0x0000027dcdbc4a68: ; ImmutableOopMap {rbp=Oop [36]=NarrowOop [60]=NarrowOop [72]=NarrowOop }
                      ;*if_icmplt {reexecute=1 rethrow=0 return_oop=0}
                      ; - (reexecute) org.eclipse.swt.widgets.EventTable::hooks@42 (line 75)
                      ; - org.eclipse.swt.widgets.Display::sendJDKInternalEvent@12 (line 4318)
                      ; - org.eclipse.swt.widgets.Display::sendPostEvent@28 (line 4367)
                      ; - org.eclipse.swt.widgets.Synchronizer::runAsyncMessages@160 (line 138)
                      ; - org.eclipse.swt.widgets.Display::runAsyncMessages@5 (line 4122)
                      ; - org.eclipse.swt.widgets.Display::readAndDispatch@84 (line 3738)
  0x0000027dcdbc4a68: 9432 66ff 

  0x0000027dcdbc4a6c: ;   {other}
  0x0000027dcdbc4a6c: 0f1f 8400 | 5c20 002a | 41bb 0100 | 0000 e9aa | efff ff49 | 8bd7 c5f8 | 7749 bac0 | 1405 b1f9 
  0x0000027dcdbc4a8c: 7f00 0041 

  0x0000027dcdbc4a90: ;   {other}
  0x0000027dcdbc4a90: ffd2 0f1f | 8400 0000 | 0000 e9e2 | eaff ffba | 45ff ffff | 4489 5c24 | 2844 8954 | 242c 6690 
  0x0000027dcdbc4ab0: ;   {runtime_call UncommonTrapBlob}
  0x0000027dcdbc4ab0: c5f8 77e8 

  0x0000027dcdbc4ab4: ; ImmutableOopMap {[40]=NarrowOop [72]=Oop }
                      ;*if_icmpgt {reexecute=1 rethrow=0 return_oop=0}
                      ; - (reexecute) org.eclipse.swt.widgets.Display::filterMessage@16 (line 1354)
                      ; - org.eclipse.swt.widgets.Display::readAndDispatch@46 (line 3731)
  0x0000027dcdbc4ab4: 4832 66ff 

  0x0000027dcdbc4ab8: ;   {other}
  0x0000027dcdbc4ab8: 0f1f 8400 | a820 002b | 4c8b 5424 | 4845 8b9a | 8801 0000 | 4585 db0f | 84cb f8ff | ff4d 8b57 
  0x0000027dcdbc4ad8: 2849 8bcb | 4d85 d20f | 848f 0600 | 004d 8b5f | 384b 894c | 13f8 4983 | c2f8 4d89 | 5728 e9a5 
  0x0000027dcdbc4af8: f8ff ff49 | 8bd7 c5f8 | 7749 bac0 | 1405 b1f9 | 7f00 0041 

  0x0000027dcdbc4b0c: ;   {other}
  0x0000027dcdbc4b0c: ffd2 0f1f | 8400 0000 | 0000 e9a1 | ecff ffba | 45ff ffff | 4489 4424 | 2466 6690 

  0x0000027dcdbc4b28: ;   {runtime_call UncommonTrapBlob}
  0x0000027dcdbc4b28: c5f8 77e8 

  0x0000027dcdbc4b2c: ; ImmutableOopMap {rbp=Oop [72]=NarrowOop }
                      ;*ifne {reexecute=1 rethrow=0 return_oop=0}
                      ; - (reexecute) org.eclipse.swt.widgets.Synchronizer::runAsyncMessages@152 (line 137)
                      ; - org.eclipse.swt.widgets.Display::runAsyncMessages@5 (line 4122)
                      ; - org.eclipse.swt.widgets.Display::readAndDispatch@84 (line 3738)
  0x0000027dcdbc4b2c: d031 66ff 

  0x0000027dcdbc4b30: ;   {other}
  0x0000027dcdbc4b30: 0f1f 8400 | 2021 002c | 498b d7c5 | f877 49ba | c014 05b1 | f97f 0000 

  0x0000027dcdbc4b48: ;   {other}
  0x0000027dcdbc4b48: 41ff d20f | 1f84 0000 | 0000 00e9 | dced ffff | 498b d7c5 | f877 49ba | c014 05b1 | f97f 0000 
  0x0000027dcdbc4b68: ;   {other}
  0x0000027dcdbc4b68: 41ff d20f | 1f84 0000 | 0000 00e9 | daee ffff | ba45 ffff | ff8b 6c24 | 4889 5c24 | 2089 7424 
  0x0000027dcdbc4b88: 2448 897c | 2428 4489 | 5c24 3090 

  0x0000027dcdbc4b94: ;   {runtime_call UncommonTrapBlob}
  0x0000027dcdbc4b94: c5f8 77e8 

  0x0000027dcdbc4b98: ; ImmutableOopMap {rbp=NarrowOop [32]=NarrowOop [36]=NarrowOop [40]=Oop }
                      ;*ifeq {reexecute=1 rethrow=0 return_oop=0}
                      ; - (reexecute) java.util.concurrent.ConcurrentLinkedQueue::poll@24 (line 387)
                      ; - org.eclipse.swt.widgets.Synchronizer::removeFirst@4 (line 115)
                      ; - org.eclipse.swt.widgets.Synchronizer::runAsyncMessages@3 (line 125)
                      ; - org.eclipse.swt.widgets.Display::runAsyncMessages@5 (line 4122)
                      ; - org.eclipse.swt.widgets.Display::readAndDispatch@84 (line 3738)
  0x0000027dcdbc4b98: 6431 66ff 

  0x0000027dcdbc4b9c: ;   {other}
  0x0000027dcdbc4b9c: 0f1f 8400 | 8c21 002d | ba45 ffff | ff48 897c | 2428 4889 | 7c24 3044 | 8954 2440 

  0x0000027dcdbc4bb8: ;   {runtime_call UncommonTrapBlob}
  0x0000027dcdbc4bb8: c5f8 77e8 

  0x0000027dcdbc4bbc: ; ImmutableOopMap {[40]=Oop [48]=Oop [64]=NarrowOop [72]=NarrowOop }
                      ;*ifnull {reexecute=1 rethrow=0 return_oop=0}
                      ; - (reexecute) org.eclipse.swt.widgets.RunnableLock::run@4 (line 38)
                      ; - org.eclipse.swt.widgets.Synchronizer::runAsyncMessages@41 (line 132)
                      ; - org.eclipse.swt.widgets.Display::runAsyncMessages@5 (line 4122)
                      ; - org.eclipse.swt.widgets.Display::readAndDispatch@84 (line 3738)
  0x0000027dcdbc4bbc: 4031 66ff 

  0x0000027dcdbc4bc0: ;   {other}
  0x0000027dcdbc4bc0: 0f1f 8400 | b021 002e | bae4 ffff | ff89 7424 | 2889 7c24 | 2c44 896c | 2430 6690 

  0x0000027dcdbc4bdc: ;   {runtime_call UncommonTrapBlob}
  0x0000027dcdbc4bdc: c5f8 77e8 

  0x0000027dcdbc4be0: ; ImmutableOopMap {[44]=NarrowOop [48]=NarrowOop [72]=Oop }
                      ;*aastore {reexecute=1 rethrow=0 return_oop=0}
                      ; - (reexecute) org.eclipse.swt.widgets.Display::runDeferredEvents@48 (line 4139)
                      ; - org.eclipse.swt.widgets.Display::readAndDispatch@69 (line 3735)
  0x0000027dcdbc4be0: 1c31 66ff 

  0x0000027dcdbc4be4: ;   {other}
  0x0000027dcdbc4be4: 0f1f 8400 | d421 002f | bacc ffff | ff89 7424 | 2889 7c24 | 2c44 895c | 2434 6690 

  0x0000027dcdbc4c00: ;   {runtime_call UncommonTrapBlob}
  0x0000027dcdbc4c00: c5f8 77e8 

  0x0000027dcdbc4c04: ; ImmutableOopMap {[44]=NarrowOop [52]=NarrowOop [72]=Oop }
                      ;*invokestatic arraycopy {reexecute=0 rethrow=0 return_oop=0}
                      ; - org.eclipse.swt.widgets.Display::runDeferredEvents@39 (line 4138)
                      ; - org.eclipse.swt.widgets.Display::readAndDispatch@69 (line 3735)
  0x0000027dcdbc4c04: f830 66ff 

  0x0000027dcdbc4c08: ;   {other}
  0x0000027dcdbc4c08: 0f1f 8400 | f821 0030 | ba76 ffff | ff48 8b6c | 2448 4489 | 4424 2044 | 8954 242c | 897c 2430 
  0x0000027dcdbc4c28: 4489 5424 | 3844 895c | 243c 895c | 2444 8944 | 2448 6690 

  0x0000027dcdbc4c3c: ;   {runtime_call UncommonTrapBlob}
  0x0000027dcdbc4c3c: c5f8 77e8 

  0x0000027dcdbc4c40: ; ImmutableOopMap {rbp=Oop [32]=NarrowOop [44]=NarrowOop [48]=NarrowOop [56]=NarrowOop [68]=NarrowOop }
                      ;*if_icmplt {reexecute=1 rethrow=0 return_oop=0}
                      ; - (reexecute) org.eclipse.swt.widgets.EventTable::hooks@42 (line 75)
                      ; - org.eclipse.swt.widgets.Display::sendJDKInternalEvent@12 (line 4318)
                      ; - org.eclipse.swt.widgets.Display::sendPreEvent@28 (line 4359)
                      ; - org.eclipse.swt.widgets.Display::filterEvent@14 (line 1337)
                      ; - org.eclipse.swt.widgets.Widget::sendEvent@7 (line 1216)
                      ; - org.eclipse.swt.widgets.Display::runDeferredEvents@92 (line 4147)
                      ; - org.eclipse.swt.widgets.Display::readAndDispatch@69 (line 3735)
  0x0000027dcdbc4c40: bc30 66ff 

  0x0000027dcdbc4c44: ;   {other}
  0x0000027dcdbc4c44: 0f1f 8400 | 3422 0031 | 41b9 0100 | 0000 e997 | e6ff ffba | 76ff ffff | 448b 5c24 | 4044 895c 
  0x0000027dcdbc4c64: 2428 448b | 5424 3c44 | 8954 242c | 894c 243c | 897c 2440 

  0x0000027dcdbc4c78: ;   {runtime_call UncommonTrapBlob}
  0x0000027dcdbc4c78: c5f8 77e8 

  0x0000027dcdbc4c7c: ; ImmutableOopMap {[40]=NarrowOop [44]=NarrowOop [60]=NarrowOop [72]=Oop [104]=NarrowOop }
                      ;*if_icmplt {reexecute=1 rethrow=0 return_oop=0}
                      ; - (reexecute) org.eclipse.swt.widgets.EventTable::hooks@42 (line 75)
                      ; - org.eclipse.swt.widgets.Display::sendJDKInternalEvent@12 (line 4318)
                      ; - org.eclipse.swt.widgets.Display::sendPostEvent@28 (line 4367)
                      ; - org.eclipse.swt.widgets.Display::filterEvent@38 (line 1341)
                      ; - org.eclipse.swt.widgets.Widget::sendEvent@7 (line 1216)
                      ; - org.eclipse.swt.widgets.Display::runDeferredEvents@92 (line 4147)
                      ; - org.eclipse.swt.widgets.Display::readAndDispatch@69 (line 3735)
  0x0000027dcdbc4c7c: 8030 66ff 

  0x0000027dcdbc4c80: ;   {other}
  0x0000027dcdbc4c80: 0f1f 8400 | 7022 0032 | bb01 0000 | 00e9 74e7 | ffff ba76 | ffff ff89 | 5c24 2848 | 8944 24f8 
  0x0000027dcdbc4ca0: 8b44 243c | 8944 242c | 488b 4424 | f844 895c | 2438 894c | 2440 897c | 2444 6690 

  0x0000027dcdbc4cbc: ;   {runtime_call UncommonTrapBlob}
  0x0000027dcdbc4cbc: c5f8 77e8 

  0x0000027dcdbc4cc0: ; ImmutableOopMap {rbp=NarrowOop [40]=NarrowOop [44]=NarrowOop [64]=NarrowOop [72]=Oop }
                      ;*if_icmplt {reexecute=1 rethrow=0 return_oop=0}
                      ; - (reexecute) org.eclipse.swt.widgets.EventTable::hooks@42 (line 75)
                      ; - org.eclipse.swt.widgets.Display::sendJDKInternalEvent@12 (line 4318)
                      ; - org.eclipse.swt.widgets.Display::sendPreEvent@28 (line 4359)
                      ; - org.eclipse.swt.widgets.Display::sendEvent@7 (line 4347)
                      ; - org.eclipse.swt.widgets.Widget::sendEvent@26 (line 1217)
                      ; - org.eclipse.swt.widgets.Display::runDeferredEvents@92 (line 4147)
                      ; - org.eclipse.swt.widgets.Display::readAndDispatch@69 (line 3735)
  0x0000027dcdbc4cc0: 3c30 66ff 

  0x0000027dcdbc4cc4: ;   {other}
  0x0000027dcdbc4cc4: 0f1f 8400 | b422 0033 | b801 0000 | 00e9 3ce8 | ffff ba76 | ffff ff44 | 8b44 2430 | 4489 4424 
  0x0000027dcdbc4ce4: 2844 8954 | 2430 4489 | 4c24 3490 

  0x0000027dcdbc4cf0: ;   {runtime_call UncommonTrapBlob}
  0x0000027dcdbc4cf0: c5f8 77e8 

  0x0000027dcdbc4cf4: ; ImmutableOopMap {rbp=NarrowOop [48]=NarrowOop [72]=Oop }
                      ;*if_icmplt {reexecute=1 rethrow=0 return_oop=0}
                      ; - (reexecute) org.eclipse.swt.widgets.EventTable::hooks@42 (line 75)
                      ; - org.eclipse.swt.widgets.Display::sendJDKInternalEvent@12 (line 4318)
                      ; - org.eclipse.swt.widgets.Display::sendPostEvent@28 (line 4367)
                      ; - org.eclipse.swt.widgets.Display::sendEvent@30 (line 4351)
                      ; - org.eclipse.swt.widgets.Widget::sendEvent@26 (line 1217)
                      ; - org.eclipse.swt.widgets.Display::runDeferredEvents@92 (line 4147)
                      ; - org.eclipse.swt.widgets.Display::readAndDispatch@69 (line 3735)
  0x0000027dcdbc4cf4: 0830 66ff 

  0x0000027dcdbc4cf8: ;   {other}
  0x0000027dcdbc4cf8: 0f1f 8400 | e822 0034 | ba01 0000 | 00e9 ece3 | ffff ba45 | ffff ff8b | 6c24 4889 | 5c24 2048 
  0x0000027dcdbc4d18: 897c 2428 | 4489 5c24 | 3066 6690 

  0x0000027dcdbc4d24: ;   {runtime_call UncommonTrapBlob}
  0x0000027dcdbc4d24: c5f8 77e8 

  0x0000027dcdbc4d28: ; ImmutableOopMap {rbp=NarrowOop [32]=NarrowOop [40]=Oop [48]=NarrowOop }
                      ;*if_acmpne {reexecute=1 rethrow=0 return_oop=0}
                      ; - (reexecute) java.util.concurrent.ConcurrentLinkedQueue::poll@73 (line 398)
                      ; - org.eclipse.swt.widgets.Synchronizer::removeFirst@4 (line 115)
                      ; - org.eclipse.swt.widgets.Synchronizer::runAsyncMessages@3 (line 125)
                      ; - org.eclipse.swt.widgets.Display::runAsyncMessages@5 (line 4122)
                      ; - org.eclipse.swt.widgets.Display::readAndDispatch@84 (line 3738)
  0x0000027dcdbc4d28: d42f 66ff 

  0x0000027dcdbc4d2c: ;   {other}
  0x0000027dcdbc4d2c: 0f1f 8400 | 1c23 0035 | ba5c ffff | ff8b 6c24 | 4889 7424 | 2066 6690 

  0x0000027dcdbc4d44: ;   {runtime_call UncommonTrapBlob}
  0x0000027dcdbc4d44: c5f8 77e8 

  0x0000027dcdbc4d48: ; ImmutableOopMap {rbp=NarrowOop [32]=NarrowOop }
                      ;*ifnonnull {reexecute=1 rethrow=0 return_oop=0}
                      ; - (reexecute) java.util.Objects::requireNonNull@1 (line 232)
                      ; - java.lang.invoke.VarHandleReferences$FieldInstanceReadWrite::setRelease@16 (line 172)
                      ; - java.lang.invoke.VarHandleGuards::guard_LL_V@45 (line 53)
                      ; - java.util.concurrent.ConcurrentLinkedQueue::updateHead@22 (line 293)
                      ; - java.util.concurrent.ConcurrentLinkedQueue::poll@66 (line 395)
                      ; - org.eclipse.swt.widgets.Synchronizer::removeFirst@4 (line 115)
                      ; - org.eclipse.swt.widgets.Synchronizer::runAsyncMessages@3 (line 125)
                      ; - org.eclipse.swt.widgets.Display::runAsyncMessages@5 (line 4122)
                      ; - org.eclipse.swt.widgets.Display::readAndDispatch@84 (line 3738)
  0x0000027dcdbc4d48: b42f 66ff 

  0x0000027dcdbc4d4c: ;   {other}
  0x0000027dcdbc4d4c: 0f1f 8400 | 3c23 0036 | ba45 ffff | ff89 7424 | 2044 8954 | 2424 6690 

  0x0000027dcdbc4d64: ;   {runtime_call UncommonTrapBlob}
  0x0000027dcdbc4d64: c5f8 77e8 

  0x0000027dcdbc4d68: ; ImmutableOopMap {[72]=Oop }
                      ;*ifne {reexecute=1 rethrow=0 return_oop=0}
                      ; - (reexecute) org.eclipse.swt.widgets.Display::runDeferredEvents@65 (line 4143)
                      ; - org.eclipse.swt.widgets.Display::readAndDispatch@69 (line 3735)
  0x0000027dcdbc4d68: 942f 66ff 

  0x0000027dcdbc4d6c: ;   {other}
  0x0000027dcdbc4d6c: 0f1f 8400 | 5c23 0037 | 498b d7c5 | f877 49ba | c014 05b1 | f97f 0000 

  0x0000027dcdbc4d84: ;   {other}
  0x0000027dcdbc4d84: 41ff d20f | 1f84 0000 | 0000 00e9 | 18e4 ffff | ba45 ffff | ff44 8944 | 2420 897c | 2424 4489 
  0x0000027dcdbc4da4: 5424 2844 | 8974 242c 

  0x0000027dcdbc4dac: ;   {runtime_call UncommonTrapBlob}
  0x0000027dcdbc4dac: c5f8 77e8 

  0x0000027dcdbc4db0: ; ImmutableOopMap {[32]=NarrowOop [36]=NarrowOop [40]=NarrowOop [44]=NarrowOop [72]=Oop }
                      ;*ifnull {reexecute=1 rethrow=0 return_oop=0}
                      ; - (reexecute) org.eclipse.swt.widgets.Display::filterEvent@4 (line 1335)
                      ; - org.eclipse.swt.widgets.Widget::sendEvent@7 (line 1216)
                      ; - org.eclipse.swt.widgets.Display::runDeferredEvents@92 (line 4147)
                      ; - org.eclipse.swt.widgets.Display::readAndDispatch@69 (line 3735)
  0x0000027dcdbc4db0: 4c2f 66ff 

  0x0000027dcdbc4db4: ;   {other}
  0x0000027dcdbc4db4: 0f1f 8400 | a423 0038 | ba45 ffff | ff44 8944 | 2420 4489 | 5424 2c89 | 7c24 3044 | 895c 2438 
  0x0000027dcdbc4dd4: ;   {runtime_call UncommonTrapBlob}
  0x0000027dcdbc4dd4: c5f8 77e8 

  0x0000027dcdbc4dd8: ; ImmutableOopMap {[32]=NarrowOop [44]=NarrowOop [48]=NarrowOop [72]=Oop }
                      ;*if_icmpeq {reexecute=1 rethrow=0 return_oop=0}
                      ; - (reexecute) org.eclipse.swt.widgets.Display::sendPreEvent@3 (line 4356)
                      ; - org.eclipse.swt.widgets.Display::filterEvent@14 (line 1337)
                      ; - org.eclipse.swt.widgets.Widget::sendEvent@7 (line 1216)
                      ; - org.eclipse.swt.widgets.Display::runDeferredEvents@92 (line 4147)
                      ; - org.eclipse.swt.widgets.Display::readAndDispatch@69 (line 3735)
  0x0000027dcdbc4dd8: 242f 66ff 

  0x0000027dcdbc4ddc: ;   {other}
  0x0000027dcdbc4ddc: 0f1f 8400 | cc23 0039 | ba45 ffff | ff44 8944 | 2420 4489 | 5424 2c89 | 7c24 3044 | 895c 2438 
  0x0000027dcdbc4dfc: ;   {runtime_call UncommonTrapBlob}
  0x0000027dcdbc4dfc: c5f8 77e8 

  0x0000027dcdbc4e00: ; ImmutableOopMap {[32]=NarrowOop [44]=NarrowOop [48]=NarrowOop [72]=Oop }
                      ;*if_icmpeq {reexecute=1 rethrow=0 return_oop=0}
                      ; - (reexecute) org.eclipse.swt.widgets.Display::sendPreEvent@9 (line 4356)
                      ; - org.eclipse.swt.widgets.Display::filterEvent@14 (line 1337)
                      ; - org.eclipse.swt.widgets.Widget::sendEvent@7 (line 1216)
                      ; - org.eclipse.swt.widgets.Display::runDeferredEvents@92 (line 4147)
                      ; - org.eclipse.swt.widgets.Display::readAndDispatch@69 (line 3735)
  0x0000027dcdbc4e00: fc2e 66ff 

  0x0000027dcdbc4e04: ;   {other}
  0x0000027dcdbc4e04: 0f1f 8400 | f423 003a | ba45 ffff | ff44 8944 | 2420 4489 | 5424 2c89 | 7c24 3044 | 895c 2438 
  0x0000027dcdbc4e24: ;   {runtime_call UncommonTrapBlob}
  0x0000027dcdbc4e24: c5f8 77e8 

  0x0000027dcdbc4e28: ; ImmutableOopMap {[32]=NarrowOop [44]=NarrowOop [48]=NarrowOop [72]=Oop }
                      ;*if_icmpeq {reexecute=1 rethrow=0 return_oop=0}
                      ; - (reexecute) org.eclipse.swt.widgets.Display::sendPreEvent@15 (line 4357)
                      ; - org.eclipse.swt.widgets.Display::filterEvent@14 (line 1337)
                      ; - org.eclipse.swt.widgets.Widget::sendEvent@7 (line 1216)
                      ; - org.eclipse.swt.widgets.Display::runDeferredEvents@92 (line 4147)
                      ; - org.eclipse.swt.widgets.Display::readAndDispatch@69 (line 3735)
  0x0000027dcdbc4e28: d42e 66ff 

  0x0000027dcdbc4e2c: ;   {other}
  0x0000027dcdbc4e2c: 0f1f 8400 | 1c24 003b | ba45 ffff | ff44 8944 | 2420 4489 | 5424 2c89 | 7c24 3044 | 895c 2438 
  0x0000027dcdbc4e4c: ;   {runtime_call UncommonTrapBlob}
  0x0000027dcdbc4e4c: c5f8 77e8 

  0x0000027dcdbc4e50: ; ImmutableOopMap {[32]=NarrowOop [44]=NarrowOop [48]=NarrowOop [72]=Oop }
                      ;*if_icmpeq {reexecute=1 rethrow=0 return_oop=0}
                      ; - (reexecute) org.eclipse.swt.widgets.Display::sendPreEvent@21 (line 4358)
                      ; - org.eclipse.swt.widgets.Display::filterEvent@14 (line 1337)
                      ; - org.eclipse.swt.widgets.Widget::sendEvent@7 (line 1216)
                      ; - org.eclipse.swt.widgets.Display::runDeferredEvents@92 (line 4147)
                      ; - org.eclipse.swt.widgets.Display::readAndDispatch@69 (line 3735)
  0x0000027dcdbc4e50: ac2e 66ff 

  0x0000027dcdbc4e54: ;   {other}
  0x0000027dcdbc4e54: 0f1f 8400 | 4424 003c | ba45 ffff | ff89 5c24 | 2066 6690 

  0x0000027dcdbc4e68: ;   {runtime_call UncommonTrapBlob}
  0x0000027dcdbc4e68: c5f8 77e8 

  0x0000027dcdbc4e6c: ; ImmutableOopMap {[32]=NarrowOop [72]=Oop }
                      ;*ifnull {reexecute=1 rethrow=0 return_oop=0}
                      ; - (reexecute) org.eclipse.swt.widgets.Widget::sendEvent@17 (line 1217)
                      ; - org.eclipse.swt.widgets.Display::runDeferredEvents@92 (line 4147)
                      ; - org.eclipse.swt.widgets.Display::readAndDispatch@69 (line 3735)
  0x0000027dcdbc4e6c: 902e 66ff 

  0x0000027dcdbc4e70: ;   {other}
  0x0000027dcdbc4e70: 0f1f 8400 | 6024 003d | ba45 ffff | ff89 5c24 | 2844 895c | 2434 6690 

  0x0000027dcdbc4e88: ;   {runtime_call UncommonTrapBlob}
  0x0000027dcdbc4e88: c5f8 77e8 

  0x0000027dcdbc4e8c: ; ImmutableOopMap {rbp=NarrowOop [40]=NarrowOop [60]=NarrowOop [72]=Oop }
                      ;*if_icmpeq {reexecute=1 rethrow=0 return_oop=0}
                      ; - (reexecute) org.eclipse.swt.widgets.Display::sendPreEvent@3 (line 4356)
                      ; - org.eclipse.swt.widgets.Display::sendEvent@7 (line 4347)
                      ; - org.eclipse.swt.widgets.Widget::sendEvent@26 (line 1217)
                      ; - org.eclipse.swt.widgets.Display::runDeferredEvents@92 (line 4147)
                      ; - org.eclipse.swt.widgets.Display::readAndDispatch@69 (line 3735)
  0x0000027dcdbc4e8c: 702e 66ff 

  0x0000027dcdbc4e90: ;   {other}
  0x0000027dcdbc4e90: 0f1f 8400 | 8024 003e | ba45 ffff | ff89 5c24 | 2844 895c | 2434 6690 

  0x0000027dcdbc4ea8: ;   {runtime_call UncommonTrapBlob}
  0x0000027dcdbc4ea8: c5f8 77e8 

  0x0000027dcdbc4eac: ; ImmutableOopMap {rbp=NarrowOop [40]=NarrowOop [60]=NarrowOop [72]=Oop }
                      ;*if_icmpeq {reexecute=1 rethrow=0 return_oop=0}
                      ; - (reexecute) org.eclipse.swt.widgets.Display::sendPreEvent@9 (line 4356)
                      ; - org.eclipse.swt.widgets.Display::sendEvent@7 (line 4347)
                      ; - org.eclipse.swt.widgets.Widget::sendEvent@26 (line 1217)
                      ; - org.eclipse.swt.widgets.Display::runDeferredEvents@92 (line 4147)
                      ; - org.eclipse.swt.widgets.Display::readAndDispatch@69 (line 3735)
  0x0000027dcdbc4eac: 502e 66ff 

  0x0000027dcdbc4eb0: ;   {other}
  0x0000027dcdbc4eb0: 0f1f 8400 | a024 003f | ba45 ffff | ff89 5c24 | 2844 895c | 2434 6690 

  0x0000027dcdbc4ec8: ;   {runtime_call UncommonTrapBlob}
  0x0000027dcdbc4ec8: c5f8 77e8 

  0x0000027dcdbc4ecc: ; ImmutableOopMap {rbp=NarrowOop [40]=NarrowOop [60]=NarrowOop [72]=Oop }
                      ;*if_icmpeq {reexecute=1 rethrow=0 return_oop=0}
                      ; - (reexecute) org.eclipse.swt.widgets.Display::sendPreEvent@15 (line 4357)
                      ; - org.eclipse.swt.widgets.Display::sendEvent@7 (line 4347)
                      ; - org.eclipse.swt.widgets.Widget::sendEvent@26 (line 1217)
                      ; - org.eclipse.swt.widgets.Display::runDeferredEvents@92 (line 4147)
                      ; - org.eclipse.swt.widgets.Display::readAndDispatch@69 (line 3735)
  0x0000027dcdbc4ecc: 302e 66ff 

  0x0000027dcdbc4ed0: ;   {other}
  0x0000027dcdbc4ed0: 0f1f 8400 | c024 0040 | ba45 ffff | ff89 5c24 | 2844 895c | 2434 6690 

  0x0000027dcdbc4ee8: ;   {runtime_call UncommonTrapBlob}
  0x0000027dcdbc4ee8: c5f8 77e8 

  0x0000027dcdbc4eec: ; ImmutableOopMap {rbp=NarrowOop [40]=NarrowOop [60]=NarrowOop [72]=Oop }
                      ;*if_icmpeq {reexecute=1 rethrow=0 return_oop=0}
                      ; - (reexecute) org.eclipse.swt.widgets.Display::sendPreEvent@21 (line 4358)
                      ; - org.eclipse.swt.widgets.Display::sendEvent@7 (line 4347)
                      ; - org.eclipse.swt.widgets.Widget::sendEvent@26 (line 1217)
                      ; - org.eclipse.swt.widgets.Display::runDeferredEvents@92 (line 4147)
                      ; - org.eclipse.swt.widgets.Display::readAndDispatch@69 (line 3735)
  0x0000027dcdbc4eec: 102e 66ff 

  0x0000027dcdbc4ef0: ;   {other}
  0x0000027dcdbc4ef0: 0f1f 8400 | e024 0041 | ba5c ffff | ff8b 6c24 | 4844 896c | 2420 8974 | 2424 6690 

  0x0000027dcdbc4f0c: ;   {runtime_call UncommonTrapBlob}
  0x0000027dcdbc4f0c: c5f8 77e8 

  0x0000027dcdbc4f10: ; ImmutableOopMap {rbp=NarrowOop [32]=NarrowOop [36]=NarrowOop }
                      ;*ifnonnull {reexecute=1 rethrow=0 return_oop=0}
                      ; - (reexecute) java.util.Objects::requireNonNull@1 (line 232)
                      ; - java.lang.invoke.VarHandleReferences$FieldInstanceReadWrite::setRelease@16 (line 172)
                      ; - java.lang.invoke.VarHandleGuards::guard_LL_V@45 (line 53)
                      ; - java.util.concurrent.ConcurrentLinkedQueue::updateHead@22 (line 293)
                      ; - java.util.concurrent.ConcurrentLinkedQueue::poll@48 (line 391)
                      ; - org.eclipse.swt.widgets.Synchronizer::removeFirst@4 (line 115)
                      ; - org.eclipse.swt.widgets.Synchronizer::runAsyncMessages@3 (line 125)
                      ; - org.eclipse.swt.widgets.Display::runAsyncMessages@5 (line 4122)
                      ; - org.eclipse.swt.widgets.Display::readAndDispatch@84 (line 3738)
  0x0000027dcdbc4f10: ec2d 66ff 

  0x0000027dcdbc4f14: ;   {other}
  0x0000027dcdbc4f14: 0f1f 8400 | 0425 0042 | 498b ca49 | 8bd7 c5f8 | 7749 bac0 | 1405 b1f9 | 7f00 0041 

  0x0000027dcdbc4f30: ;   {other}
  0x0000027dcdbc4f30: ffd2 0f1f | 8400 0000 | 0000 e90c | ecff ff49 | 8bd7 c5f8 | 7749 bac0 | 1405 b1f9 | 7f00 0041 
  0x0000027dcdbc4f50: ;   {other}
  0x0000027dcdbc4f50: ffd2 0f1f | 8400 0000 | 0000 e94e | ecff ff48 | 896c 2438 | 4489 6c24 | 2844 8bee | 498b ca49 
  0x0000027dcdbc4f70: 8bd7 c5f8 | 7749 bac0 | 1405 b1f9 | 7f00 0041 

  0x0000027dcdbc4f80: ;   {other}
  0x0000027dcdbc4f80: ffd2 0f1f | 8400 0000 | 0000 418b | f544 8b6c | 2428 488b | 6c24 38e9 | bce6 ffff | 4889 6c24 
  0x0000027dcdbc4fa0: 3844 896c | 2428 448b | ee49 8bd7 | c5f8 7749 | bac0 1405 | b1f9 7f00 | 0041 ffd2 

  0x0000027dcdbc4fbc: ;   {other}
  0x0000027dcdbc4fbc: 0f1f 8400 | 0000 0000 | 418b f544 | 8b6c 2428 | 488b 6c24 | 38e9 e4e6 | ffff ba45 | ffff ff44 
  0x0000027dcdbc4fdc: 895c 2428 | 897c 242c | 4489 5424 | 3066 6690 

  0x0000027dcdbc4fec: ;   {runtime_call UncommonTrapBlob}
  0x0000027dcdbc4fec: c5f8 77e8 

  0x0000027dcdbc4ff0: ; ImmutableOopMap {[40]=NarrowOop [72]=Oop }
                      ;*ifne {reexecute=1 rethrow=0 return_oop=0}
                      ; - (reexecute) org.eclipse.swt.widgets.Display::runDeferredLayouts@42 (line 4171)
                      ; - org.eclipse.swt.widgets.Display::readAndDispatch@18 (line 3728)
  0x0000027dcdbc4ff0: 0c2d 66ff 

  0x0000027dcdbc4ff4: ;   {other}
  0x0000027dcdbc4ff4: 0f1f 8400 | e425 0043 | ba76 ffff | ff44 8954 | 2428 6690 

  0x0000027dcdbc5008: ;   {runtime_call UncommonTrapBlob}
  0x0000027dcdbc5008: c5f8 77e8 

  0x0000027dcdbc500c: ; ImmutableOopMap {[40]=NarrowOop [72]=Oop }
                      ;*if_icmplt {reexecute=1 rethrow=0 return_oop=0}
                      ; - (reexecute) org.eclipse.swt.widgets.Display::runSkin@120 (line 4218)
                      ; - org.eclipse.swt.widgets.Display::readAndDispatch@13 (line 3727)
  0x0000027dcdbc500c: f02c 66ff 

  0x0000027dcdbc5010: ;   {other}
  0x0000027dcdbc5010: 0f1f 8400 | 0026 0044 | ba76 ffff | ff44 895c | 2420 897c | 2428 6690 

  0x0000027dcdbc5028: ;   {runtime_call UncommonTrapBlob}
  0x0000027dcdbc5028: c5f8 77e8 

  0x0000027dcdbc502c: ; ImmutableOopMap {[32]=NarrowOop [72]=Oop }
                      ;*if_icmplt {reexecute=1 rethrow=0 return_oop=0}
                      ; - (reexecute) org.eclipse.swt.widgets.Display::runDeferredLayouts@56 (line 4169)
                      ; - org.eclipse.swt.widgets.Display::readAndDispatch@18 (line 3728)
  0x0000027dcdbc502c: d02c 66ff 

  0x0000027dcdbc5030: ;   {other}
  0x0000027dcdbc5030: 0f1f 8400 | 2026 0045 | 498b d7c5 | f877 49ba | c014 05b1 | f97f 0000 

  0x0000027dcdbc5048: ;   {other}
  0x0000027dcdbc5048: 41ff d20f | 1f84 0000 | 0000 00e9 | c0ec ffff | ba45 ffff | ff44 895c | 2420 6690 

  0x0000027dcdbc5064: ;   {runtime_call UncommonTrapBlob}
  0x0000027dcdbc5064: c5f8 77e8 

  0x0000027dcdbc5068: ; ImmutableOopMap {[32]=NarrowOop [72]=Oop }
                      ;*ifnull {reexecute=1 rethrow=0 return_oop=0}
                      ; - (reexecute) org.eclipse.swt.widgets.Display::runSkin@36 (line 4217)
                      ; - org.eclipse.swt.widgets.Display::readAndDispatch@13 (line 3727)
  0x0000027dcdbc5068: 942c 66ff 

  0x0000027dcdbc506c: ;   {other}
  0x0000027dcdbc506c: 0f1f 8400 | 5c26 0046 | ba45 ffff | ff89 4424 | 2066 6690 

  0x0000027dcdbc5080: ;   {runtime_call UncommonTrapBlob}
  0x0000027dcdbc5080: c5f8 77e8 

  0x0000027dcdbc5084: ; ImmutableOopMap {[72]=Oop }
                      ;*ifeq {reexecute=1 rethrow=0 return_oop=0}
                      ; - (reexecute) org.eclipse.swt.widgets.Display::runSkin@48 (line 4217)
                      ; - org.eclipse.swt.widgets.Display::readAndDispatch@13 (line 3727)
  0x0000027dcdbc5084: 782c 66ff 

  0x0000027dcdbc5088: ;   {other}
  0x0000027dcdbc5088: 0f1f 8400 | 7826 0047 | 498b d7c5 | f877 49ba | c014 05b1 | f97f 0000 

  0x0000027dcdbc50a0: ;   {other}
  0x0000027dcdbc50a0: 41ff d20f | 1f84 0000 | 0000 00e9 | f5ee ffff | bae4 ffff | ff44 8954 | 2430 6690 

  0x0000027dcdbc50bc: ;   {runtime_call UncommonTrapBlob}
  0x0000027dcdbc50bc: c5f8 77e8 

  0x0000027dcdbc50c0: ; ImmutableOopMap {[48]=NarrowOop [72]=Oop }
                      ;*aaload {reexecute=0 rethrow=0 return_oop=0}
                      ; - org.eclipse.swt.widgets.Display::runPopups@19 (line 4182)
                      ; - org.eclipse.swt.widgets.Display::readAndDispatch@23 (line 3729)
  0x0000027dcdbc50c0: 3c2c 66ff 

  0x0000027dcdbc50c4: ;   {other}
  0x0000027dcdbc50c4: 0f1f 8400 | b426 0048 | bae4 ffff | ff89 5c24 | 3089 7c24 | 3466 6690 

  0x0000027dcdbc50dc: ;   {runtime_call UncommonTrapBlob}
  0x0000027dcdbc50dc: c5f8 77e8 

  0x0000027dcdbc50e0: ; ImmutableOopMap {rbp=NarrowOop [48]=NarrowOop [72]=Oop }
                      ;*aastore {reexecute=1 rethrow=0 return_oop=0}
                      ; - (reexecute) org.eclipse.swt.widgets.Display::runPopups@57 (line 4186)
                      ; - org.eclipse.swt.widgets.Display::readAndDispatch@23 (line 3729)
  0x0000027dcdbc50e0: 1c2c 66ff 

  0x0000027dcdbc50e4: ;   {other}
  0x0000027dcdbc50e4: 0f1f 8400 | d426 0049 | bacc ffff | ff44 8954 | 242c 895c | 2430 897c | 2438 6690 

  0x0000027dcdbc5100: ;   {runtime_call UncommonTrapBlob}
  0x0000027dcdbc5100: c5f8 77e8 

  0x0000027dcdbc5104: ; ImmutableOopMap {[44]=NarrowOop [48]=NarrowOop [72]=Oop }
                      ;*invokestatic arraycopy {reexecute=0 rethrow=0 return_oop=0}
                      ; - org.eclipse.swt.widgets.Display::runPopups@48 (line 4185)
                      ; - org.eclipse.swt.widgets.Display::readAndDispatch@23 (line 3729)
  0x0000027dcdbc5104: f82b 66ff 

  0x0000027dcdbc5108: ;   {other}
  0x0000027dcdbc5108: 0f1f 8400 | f826 004a | 498b d7c5 | f877 49ba | c014 05b1 | f97f 0000 

  0x0000027dcdbc5120: ;   {other}
  0x0000027dcdbc5120: 41ff d20f | 1f84 0000 | 0000 00e9 | eff1 ffff | ba76 ffff | ff4c 8954 | 2420 4489 | 5c24 2889 
  0x0000027dcdbc5140: 4c24 3090 

  0x0000027dcdbc5144: ;   {runtime_call UncommonTrapBlob}
  0x0000027dcdbc5144: c5f8 77e8 

  0x0000027dcdbc5148: ; ImmutableOopMap {[32]=Oop [40]=NarrowOop [72]=Oop }
                      ;*if_icmplt {reexecute=1 rethrow=0 return_oop=0}
                      ; - (reexecute) org.eclipse.swt.widgets.Display::drawMenuBars@47 (line 1293)
                      ; - org.eclipse.swt.widgets.Display::readAndDispatch@9 (line 3726)
  0x0000027dcdbc5148: b42b 66ff 

  0x0000027dcdbc514c: ;   {other}
  0x0000027dcdbc514c: 0f1f 8400 | 3c27 004b | 498b d7c5 | f877 49ba | c014 05b1 | f97f 0000 

  0x0000027dcdbc5164: ;   {other}
  0x0000027dcdbc5164: 41ff d20f | 1f84 0000 | 0000 00e9 | efef ffff | 498b d7c5 | f877 49ba | c014 05b1 | f97f 0000 
  0x0000027dcdbc5184: ;   {other}
  0x0000027dcdbc5184: 41ff d20f | 1f84 0000 | 0000 00e9 | 0cf2 ffff | baf6 ffff | ff8b 6c24 | 4866 6690 

  0x0000027dcdbc51a0: ;   {runtime_call UncommonTrapBlob}
  0x0000027dcdbc51a0: c5f8 77e8 

  0x0000027dcdbc51a4: ; ImmutableOopMap {rbp=NarrowOop }
                      ;*getfield item {reexecute=1 rethrow=0 return_oop=0}
                      ; - (reexecute) java.util.concurrent.ConcurrentLinkedQueue::poll@8 (line 387)
                      ; - org.eclipse.swt.widgets.Synchronizer::removeFirst@4 (line 115)
                      ; - org.eclipse.swt.widgets.Synchronizer::runAsyncMessages@3 (line 125)
                      ; - org.eclipse.swt.widgets.Display::runAsyncMessages@5 (line 4122)
                      ; - org.eclipse.swt.widgets.Display::readAndDispatch@84 (line 3738)
  0x0000027dcdbc51a4: 582b 66ff 

  0x0000027dcdbc51a8: ;   {other}
  0x0000027dcdbc51a8: 0f1f 8400 | 9827 004c | baf6 ffff | ff66 6690 

  0x0000027dcdbc51b8: ;   {runtime_call UncommonTrapBlob}
  0x0000027dcdbc51b8: c5f8 77e8 

  0x0000027dcdbc51bc: ; ImmutableOopMap {}
                      ;*invokevirtual runAsyncMessages {reexecute=0 rethrow=0 return_oop=0}
                      ; - org.eclipse.swt.widgets.Display::runAsyncMessages@5 (line 4122)
                      ; - org.eclipse.swt.widgets.Display::readAndDispatch@84 (line 3738)
  0x0000027dcdbc51bc: 402b 66ff 

  0x0000027dcdbc51c0: ;   {other}
  0x0000027dcdbc51c0: 0f1f 8400 | b027 004d | baf6 ffff | ff66 6690 

  0x0000027dcdbc51d0: ;   {runtime_call UncommonTrapBlob}
  0x0000027dcdbc51d0: c5f8 77e8 

  0x0000027dcdbc51d4: ; ImmutableOopMap {}
                      ;*getfield message {reexecute=1 rethrow=0 return_oop=0}
                      ; - (reexecute) org.eclipse.swt.widgets.Display::filterMessage@1 (line 1353)
                      ; - org.eclipse.swt.widgets.Display::readAndDispatch@46 (line 3731)
  0x0000027dcdbc51d4: 282b 66ff 

  0x0000027dcdbc51d8: ;   {other}
  0x0000027dcdbc51d8: 0f1f 8400 | c827 004e | baf6 ffff | ff48 897c | 2428 4889 | 7c24 3090 

  0x0000027dcdbc51f0: ;   {runtime_call UncommonTrapBlob}
  0x0000027dcdbc51f0: c5f8 77e8 

  0x0000027dcdbc51f4: ; ImmutableOopMap {[40]=Oop [48]=Oop [72]=NarrowOop }
                      ;*invokevirtual sendPreEvent {reexecute=0 rethrow=0 return_oop=0}
                      ; - org.eclipse.swt.widgets.Synchronizer::runAsyncMessages@33 (line 130)
                      ; - org.eclipse.swt.widgets.Display::runAsyncMessages@5 (line 4122)
                      ; - org.eclipse.swt.widgets.Display::readAndDispatch@84 (line 3738)
  0x0000027dcdbc51f4: 082b 66ff 

  0x0000027dcdbc51f8: ;   {other}
  0x0000027dcdbc51f8: 0f1f 8400 | e827 004f | baf6 ffff | ff66 6690 

  0x0000027dcdbc5208: ;   {runtime_call UncommonTrapBlob}
  0x0000027dcdbc5208: c5f8 77e8 

  0x0000027dcdbc520c: ; ImmutableOopMap {rbp=Oop [72]=NarrowOop }
                      ;*invokevirtual sendPostEvent {reexecute=0 rethrow=0 return_oop=0}
                      ; - org.eclipse.swt.widgets.Synchronizer::runAsyncMessages@160 (line 138)
                      ; - org.eclipse.swt.widgets.Display::runAsyncMessages@5 (line 4122)
                      ; - org.eclipse.swt.widgets.Display::readAndDispatch@84 (line 3738)
  0x0000027dcdbc520c: f02a 66ff 

  0x0000027dcdbc5210: ;   {other}
  0x0000027dcdbc5210: 0f1f 8400 | 0028 0050 | ba45 ffff | ff48 897c | 2428 4889 | 7c24 3044 | 895c 2438 

  0x0000027dcdbc522c: ;   {runtime_call UncommonTrapBlob}
  0x0000027dcdbc522c: c5f8 77e8 

  0x0000027dcdbc5230: ; ImmutableOopMap {[40]=Oop [48]=Oop [56]=NarrowOop [72]=NarrowOop }
                      ;*ifnull {reexecute=1 rethrow=0 return_oop=0}
                      ; - (reexecute) org.eclipse.swt.widgets.Display::sendJDKInternalEvent@4 (line 4318)
                      ; - org.eclipse.swt.widgets.Display::sendPreEvent@28 (line 4359)
                      ; - org.eclipse.swt.widgets.Synchronizer::runAsyncMessages@33 (line 130)
                      ; - org.eclipse.swt.widgets.Display::runAsyncMessages@5 (line 4122)
                      ; - org.eclipse.swt.widgets.Display::readAndDispatch@84 (line 3738)
  0x0000027dcdbc5230: cc2a 66ff 

  0x0000027dcdbc5234: ;   {other}
  0x0000027dcdbc5234: 0f1f 8400 | 2428 0051 | ba45 ffff | ff48 897c | 2430 4889 | 7c24 3844 | 894c 2424 

  0x0000027dcdbc5250: ;   {runtime_call UncommonTrapBlob}
  0x0000027dcdbc5250: c5f8 77e8 

  0x0000027dcdbc5254: ; ImmutableOopMap {rbp=NarrowOop [36]=NarrowOop [48]=Oop [56]=Oop [72]=NarrowOop }
                      ;*ifnonnull {reexecute=1 rethrow=0 return_oop=0}
                      ; - (reexecute) org.eclipse.swt.widgets.EventTable::hooks@4 (line 74)
                      ; - org.eclipse.swt.widgets.Display::sendJDKInternalEvent@12 (line 4318)
                      ; - org.eclipse.swt.widgets.Display::sendPreEvent@28 (line 4359)
                      ; - org.eclipse.swt.widgets.Synchronizer::runAsyncMessages@33 (line 130)
                      ; - org.eclipse.swt.widgets.Display::runAsyncMessages@5 (line 4122)
                      ; - org.eclipse.swt.widgets.Display::readAndDispatch@84 (line 3738)
  0x0000027dcdbc5254: a82a 66ff 

  0x0000027dcdbc5258: ;   {other}
  0x0000027dcdbc5258: 0f1f 8400 | 4828 0052 | ba45 ffff | ff44 895c | 2424 6690 

  0x0000027dcdbc526c: ;   {runtime_call UncommonTrapBlob}
  0x0000027dcdbc526c: c5f8 77e8 

  0x0000027dcdbc5270: ; ImmutableOopMap {rbp=Oop [36]=NarrowOop [72]=NarrowOop }
                      ;*ifnull {reexecute=1 rethrow=0 return_oop=0}
                      ; - (reexecute) org.eclipse.swt.widgets.Synchronizer::runAsyncMessages@142 (line 137)
                      ; - org.eclipse.swt.widgets.Display::runAsyncMessages@5 (line 4122)
                      ; - org.eclipse.swt.widgets.Display::readAndDispatch@84 (line 3738)
  0x0000027dcdbc5270: 8c2a 66ff 

  0x0000027dcdbc5274: ;   {other}
  0x0000027dcdbc5274: 0f1f 8400 | 6428 0053 | ba45 ffff | ff44 8954 | 2424 6690 

  0x0000027dcdbc5288: ;   {runtime_call UncommonTrapBlob}
  0x0000027dcdbc5288: c5f8 77e8 

  0x0000027dcdbc528c: ; ImmutableOopMap {rbp=Oop [36]=NarrowOop [72]=NarrowOop }
                      ;*ifnull {reexecute=1 rethrow=0 return_oop=0}
                      ; - (reexecute) org.eclipse.swt.widgets.Display::sendJDKInternalEvent@4 (line 4318)
                      ; - org.eclipse.swt.widgets.Display::sendPostEvent@28 (line 4367)
                      ; - org.eclipse.swt.widgets.Synchronizer::runAsyncMessages@160 (line 138)
                      ; - org.eclipse.swt.widgets.Display::runAsyncMessages@5 (line 4122)
                      ; - org.eclipse.swt.widgets.Display::readAndDispatch@84 (line 3738)
  0x0000027dcdbc528c: 702a 66ff 

  0x0000027dcdbc5290: ;   {other}
  0x0000027dcdbc5290: 0f1f 8400 | 8028 0054 | ba45 ffff | ff89 4424 | 2444 8944 | 2438 6690 

  0x0000027dcdbc52a8: ;   {runtime_call UncommonTrapBlob}
  0x0000027dcdbc52a8: c5f8 77e8 

  0x0000027dcdbc52ac: ; ImmutableOopMap {rbp=Oop [36]=NarrowOop [56]=NarrowOop [72]=NarrowOop }
                      ;*ifnonnull {reexecute=1 rethrow=0 return_oop=0}
                      ; - (reexecute) org.eclipse.swt.widgets.EventTable::hooks@4 (line 74)
                      ; - org.eclipse.swt.widgets.Display::sendJDKInternalEvent@12 (line 4318)
                      ; - org.eclipse.swt.widgets.Display::sendPostEvent@28 (line 4367)
                      ; - org.eclipse.swt.widgets.Synchronizer::runAsyncMessages@160 (line 138)
                      ; - org.eclipse.swt.widgets.Display::runAsyncMessages@5 (line 4122)
                      ; - org.eclipse.swt.widgets.Display::readAndDispatch@84 (line 3738)
  0x0000027dcdbc52ac: 502a 66ff 

  0x0000027dcdbc52b0: ;   {other}
  0x0000027dcdbc52b0: 0f1f 8400 | a028 0055 | baf6 ffff | ff66 6690 

  0x0000027dcdbc52c0: ;   {runtime_call UncommonTrapBlob}
  0x0000027dcdbc52c0: c5f8 77e8 

  0x0000027dcdbc52c4: ; ImmutableOopMap {}
                      ;*aastore {reexecute=1 rethrow=0 return_oop=0}
                      ; - (reexecute) org.eclipse.swt.widgets.Display::runDeferredEvents@48 (line 4139)
                      ; - org.eclipse.swt.widgets.Display::readAndDispatch@69 (line 3735)
  0x0000027dcdbc52c4: 382a 66ff 

  0x0000027dcdbc52c8: ;   {other}
  0x0000027dcdbc52c8: 0f1f 8400 | b828 0056 | baf6 ffff | ff8b ef90 

  0x0000027dcdbc52d8: ;   {runtime_call UncommonTrapBlob}
  0x0000027dcdbc52d8: c5f8 77e8 

  0x0000027dcdbc52dc: ; ImmutableOopMap {rbp=NarrowOop }
                      ;*invokevirtual filterEvent {reexecute=0 rethrow=0 return_oop=0}
                      ; - org.eclipse.swt.widgets.Widget::sendEvent@7 (line 1216)
                      ; - org.eclipse.swt.widgets.Display::runDeferredEvents@92 (line 4147)
                      ; - org.eclipse.swt.widgets.Display::readAndDispatch@69 (line 3735)
  0x0000027dcdbc52dc: 202a 66ff 

  0x0000027dcdbc52e0: ;   {other}
  0x0000027dcdbc52e0: 0f1f 8400 | d028 0057 | ba45 ffff | ff48 8b6c | 2420 4489 | 5424 2889 | 7424 3044 | 895c 2438 
  0x0000027dcdbc5300: ;   {runtime_call UncommonTrapBlob}
  0x0000027dcdbc5300: c5f8 77e8 

  0x0000027dcdbc5304: ; ImmutableOopMap {rbp=Oop [40]=NarrowOop [56]=NarrowOop }
                      ;*ifnull {reexecute=1 rethrow=0 return_oop=0}
                      ; - (reexecute) org.eclipse.swt.widgets.Display::runSkin@63 (line 4220)
                      ; - org.eclipse.swt.widgets.Display::readAndDispatch@13 (line 3727)
  0x0000027dcdbc5304: f829 66ff 

  0x0000027dcdbc5308: ;   {other}
  0x0000027dcdbc5308: 0f1f 8400 | f828 0058 | ba45 ffff | ff89 7424 | 2044 8944 | 2428 6690 

  0x0000027dcdbc5320: ;   {runtime_call UncommonTrapBlob}
  0x0000027dcdbc5320: c5f8 77e8 

  0x0000027dcdbc5324: ; ImmutableOopMap {[40]=NarrowOop [72]=Oop }
                      ;*ifnull {reexecute=1 rethrow=0 return_oop=0}
                      ; - (reexecute) org.eclipse.swt.widgets.Display::runDeferredEvents@57 (line 4143)
                      ; - org.eclipse.swt.widgets.Display::readAndDispatch@69 (line 3735)
  0x0000027dcdbc5324: d829 66ff 

  0x0000027dcdbc5328: ;   {other}
  0x0000027dcdbc5328: 0f1f 8400 | 1829 0059 | ba45 ffff | ff44 8944 | 2420 4489 | 5424 2c89 | 7c24 3044 | 895c 2434 
  0x0000027dcdbc5348: 4489 4c24 | 3866 6690 

  0x0000027dcdbc5350: ;   {runtime_call UncommonTrapBlob}
  0x0000027dcdbc5350: c5f8 77e8 

  0x0000027dcdbc5354: ; ImmutableOopMap {[32]=NarrowOop [44]=NarrowOop [48]=NarrowOop [56]=NarrowOop [72]=Oop }
                      ;*ifnull {reexecute=1 rethrow=0 return_oop=0}
                      ; - (reexecute) org.eclipse.swt.widgets.Display::sendJDKInternalEvent@4 (line 4318)
                      ; - org.eclipse.swt.widgets.Display::sendPreEvent@28 (line 4359)
                      ; - org.eclipse.swt.widgets.Display::filterEvent@14 (line 1337)
                      ; - org.eclipse.swt.widgets.Widget::sendEvent@7 (line 1216)
                      ; - org.eclipse.swt.widgets.Display::runDeferredEvents@92 (line 4147)
                      ; - org.eclipse.swt.widgets.Display::readAndDispatch@69 (line 3735)
  0x0000027dcdbc5354: a829 66ff 

  0x0000027dcdbc5358: ;   {other}
  0x0000027dcdbc5358: 0f1f 8400 | 4829 005a | ba45 ffff | ff44 8944 | 2420 4489 | 5424 2c89 | 7c24 3044 | 8954 2438 
  0x0000027dcdbc5378: 4489 5c24 | 3c89 5c24 | 4066 6690 

  0x0000027dcdbc5384: ;   {runtime_call UncommonTrapBlob}
  0x0000027dcdbc5384: c5f8 77e8 

  0x0000027dcdbc5388: ; ImmutableOopMap {[32]=NarrowOop [44]=NarrowOop [48]=NarrowOop [56]=NarrowOop [64]=NarrowOop [72]=Oop }
                      ;*ifnonnull {reexecute=1 rethrow=0 return_oop=0}
                      ; - (reexecute) org.eclipse.swt.widgets.EventTable::hooks@4 (line 74)
                      ; - org.eclipse.swt.widgets.Display::sendJDKInternalEvent@12 (line 4318)
                      ; - org.eclipse.swt.widgets.Display::sendPreEvent@28 (line 4359)
                      ; - org.eclipse.swt.widgets.Display::filterEvent@14 (line 1337)
                      ; - org.eclipse.swt.widgets.Widget::sendEvent@7 (line 1216)
                      ; - org.eclipse.swt.widgets.Display::runDeferredEvents@92 (line 4147)
                      ; - org.eclipse.swt.widgets.Display::readAndDispatch@69 (line 3735)
  0x0000027dcdbc5388: 7429 66ff 

  0x0000027dcdbc538c: ;   {other}
  0x0000027dcdbc538c: 0f1f 8400 | 7c29 005b | ba45 ffff | ff44 8954 | 2430 6690 

  0x0000027dcdbc53a0: ;   {runtime_call UncommonTrapBlob}
  0x0000027dcdbc53a0: c5f8 77e8 

  0x0000027dcdbc53a4: ; ImmutableOopMap {[48]=NarrowOop [60]=NarrowOop [64]=NarrowOop [72]=Oop [104]=NarrowOop }
                      ;*ifnull {reexecute=1 rethrow=0 return_oop=0}
                      ; - (reexecute) org.eclipse.swt.widgets.Display::sendJDKInternalEvent@4 (line 4318)
                      ; - org.eclipse.swt.widgets.Display::sendPostEvent@28 (line 4367)
                      ; - org.eclipse.swt.widgets.Display::filterEvent@38 (line 1341)
                      ; - org.eclipse.swt.widgets.Widget::sendEvent@7 (line 1216)
                      ; - org.eclipse.swt.widgets.Display::runDeferredEvents@92 (line 4147)
                      ; - org.eclipse.swt.widgets.Display::readAndDispatch@69 (line 3735)
  0x0000027dcdbc53a4: 5829 66ff 

  0x0000027dcdbc53a8: ;   {other}
  0x0000027dcdbc53a8: 0f1f 8400 | 9829 005c | ba45 ffff | ff89 4c24 | 3866 6690 

  0x0000027dcdbc53bc: ;   {runtime_call UncommonTrapBlob}
  0x0000027dcdbc53bc: c5f8 77e8 

  0x0000027dcdbc53c0: ; ImmutableOopMap {[56]=NarrowOop [60]=NarrowOop [64]=NarrowOop [72]=Oop [104]=NarrowOop }
                      ;*ifnonnull {reexecute=1 rethrow=0 return_oop=0}
                      ; - (reexecute) org.eclipse.swt.widgets.EventTable::hooks@4 (line 74)
                      ; - org.eclipse.swt.widgets.Display::sendJDKInternalEvent@12 (line 4318)
                      ; - org.eclipse.swt.widgets.Display::sendPostEvent@28 (line 4367)
                      ; - org.eclipse.swt.widgets.Display::filterEvent@38 (line 1341)
                      ; - org.eclipse.swt.widgets.Widget::sendEvent@7 (line 1216)
                      ; - org.eclipse.swt.widgets.Display::runDeferredEvents@92 (line 4147)
                      ; - org.eclipse.swt.widgets.Display::readAndDispatch@69 (line 3735)
  0x0000027dcdbc53c0: 3c29 66ff 

  0x0000027dcdbc53c4: ;   {other}
  0x0000027dcdbc53c4: 0f1f 8400 | b429 005d | ba45 ffff | ff44 895c | 2420 6690 

  0x0000027dcdbc53d8: ;   {runtime_call UncommonTrapBlob}
  0x0000027dcdbc53d8: c5f8 77e8 

  0x0000027dcdbc53dc: ; ImmutableOopMap {[32]=NarrowOop [72]=Oop }
                      ;*ifnull {reexecute=1 rethrow=0 return_oop=0}
                      ; - (reexecute) org.eclipse.swt.widgets.Display::sendJDKInternalEvent@4 (line 4318)
                      ; - org.eclipse.swt.widgets.Display::sendPostEvent@28 (line 4367)
                      ; - org.eclipse.swt.widgets.Display::sendEvent@30 (line 4351)
                      ; - org.eclipse.swt.widgets.Widget::sendEvent@26 (line 1217)
                      ; - org.eclipse.swt.widgets.Display::runDeferredEvents@92 (line 4147)
                      ; - org.eclipse.swt.widgets.Display::readAndDispatch@69 (line 3735)
  0x0000027dcdbc53dc: 2029 66ff 

  0x0000027dcdbc53e0: ;   {other}
  0x0000027dcdbc53e0: 0f1f 8400 | d029 005e | ba45 ffff | ff44 8954 | 242c 6690 

  0x0000027dcdbc53f4: ;   {runtime_call UncommonTrapBlob}
  0x0000027dcdbc53f4: c5f8 77e8 

  0x0000027dcdbc53f8: ; ImmutableOopMap {rbp=NarrowOop [44]=NarrowOop [72]=Oop }
                      ;*ifnonnull {reexecute=1 rethrow=0 return_oop=0}
                      ; - (reexecute) org.eclipse.swt.widgets.EventTable::hooks@4 (line 74)
                      ; - org.eclipse.swt.widgets.Display::sendJDKInternalEvent@12 (line 4318)
                      ; - org.eclipse.swt.widgets.Display::sendPostEvent@28 (line 4367)
                      ; - org.eclipse.swt.widgets.Display::sendEvent@30 (line 4351)
                      ; - org.eclipse.swt.widgets.Widget::sendEvent@26 (line 1217)
                      ; - org.eclipse.swt.widgets.Display::runDeferredEvents@92 (line 4147)
                      ; - org.eclipse.swt.widgets.Display::readAndDispatch@69 (line 3735)
  0x0000027dcdbc53f8: 0429 66ff 

  0x0000027dcdbc53fc: ;   {other}
  0x0000027dcdbc53fc: 0f1f 8400 | ec29 005f | baf6 ffff | ff66 6690 

  0x0000027dcdbc540c: ;   {runtime_call UncommonTrapBlob}
  0x0000027dcdbc540c: c5f8 77e8 

  0x0000027dcdbc5410: ; ImmutableOopMap {}
                      ;*invokevirtual isDisposed {reexecute=0 rethrow=0 return_oop=0}
                      ; - org.eclipse.swt.widgets.Display::runDeferredLayouts@39 (line 4171)
                      ; - org.eclipse.swt.widgets.Display::readAndDispatch@18 (line 3728)
  0x0000027dcdbc5410: ec28 66ff 

  0x0000027dcdbc5414: ;   {other}
  0x0000027dcdbc5414: 0f1f 8400 | 042a 0060 | baf6 ffff | ff66 6690 

  0x0000027dcdbc5424: ;   {runtime_call UncommonTrapBlob}
  0x0000027dcdbc5424: c5f8 77e8 

  0x0000027dcdbc5428: ; ImmutableOopMap {}
                      ;*aaload {reexecute=0 rethrow=0 return_oop=0}
                      ; - org.eclipse.swt.widgets.Display::runPopups@19 (line 4182)
                      ; - org.eclipse.swt.widgets.Display::readAndDispatch@23 (line 3729)
  0x0000027dcdbc5428: d428 66ff 

  0x0000027dcdbc542c: ;   {other}
  0x0000027dcdbc542c: 0f1f 8400 | 1c2a 0061 | baf6 ffff | ff8b ef90 

  0x0000027dcdbc543c: ;   {runtime_call UncommonTrapBlob}
  0x0000027dcdbc543c: c5f8 77e8 

  0x0000027dcdbc5440: ; ImmutableOopMap {}
                      ;*aastore {reexecute=1 rethrow=0 return_oop=0}
                      ; - (reexecute) org.eclipse.swt.widgets.Display::runPopups@57 (line 4186)
                      ; - org.eclipse.swt.widgets.Display::readAndDispatch@23 (line 3729)
  0x0000027dcdbc5440: bc28 66ff 

  0x0000027dcdbc5444: ;   {other}
  0x0000027dcdbc5444: 0f1f 8400 | 342a 0062 | 498b d7c5 | f877 49ba | c014 05b1 | f97f 0000 

  0x0000027dcdbc545c: ;   {other}
  0x0000027dcdbc545c: 41ff d20f | 1f84 0000 | 0000 00e9 | 4201 0000 | 498b d7c5 | f877 49ba | c014 05b1 | f97f 0000 
  0x0000027dcdbc547c: ;   {other}
  0x0000027dcdbc547c: 41ff d20f | 1f84 0000 | 0000 00e9 | b400 0000 | 488b d8e9 | 9c00 0000 | 488b d8e9 | 9400 0000 
  0x0000027dcdbc549c: 448b 5008 

  0x0000027dcdbc54a0: ;   {metadata('java/lang/RuntimeException')}
  0x0000027dcdbc54a0: 49bb 48d8 | 05db 7d02 | 0000 49b8 | 0000 00db | 7d02 0000 | 4d03 c24d | 8b50 484d | 3bd3 752d 
  0x0000027dcdbc54c0: 4c8b c044 | 8b9d a801 | 0000 498b | d390 c5f8 | 7748 b8ff | ffff ffff 

  0x0000027dcdbc54d8: ;   {virtual_call}
  0x0000027dcdbc54d8: ffff ffe8 

  0x0000027dcdbc54dc: ; ImmutableOopMap {[32]=Oop [40]=Oop [72]=NarrowOop }
                      ;*invokeinterface accept {reexecute=0 rethrow=0 return_oop=0}
                      ; - org.eclipse.swt.widgets.RunnableLock::run@25 (line 42)
                      ; - org.eclipse.swt.widgets.Synchronizer::runAsyncMessages@41 (line 132)
                      ; - org.eclipse.swt.widgets.Display::runAsyncMessages@5 (line 4122)
                      ; - org.eclipse.swt.widgets.Display::readAndDispatch@84 (line 3738)
  0x0000027dcdbc54dc: a09e 65ff 

  0x0000027dcdbc54e0: ;   {other}
  0x0000027dcdbc54e0: 0f1f 8400 | d02a 0063 | e937 e4ff | ff4d 8b50 

  0x0000027dcdbc54f0: ;   {metadata('java/lang/Error')}
  0x0000027dcdbc54f0: 4049 bbc8 | 0701 db7d | 0200 004d | 3bd3 752d | 4c8b c044 | 8b95 ac01 | 0000 498b | d290 c5f8 
  0x0000027dcdbc5510: 7748 b8ff | ffff ffff 

  0x0000027dcdbc5518: ;   {virtual_call}
  0x0000027dcdbc5518: ffff ffe8 

  0x0000027dcdbc551c: ; ImmutableOopMap {[32]=Oop [40]=Oop [72]=NarrowOop }
                      ;*invokeinterface accept {reexecute=0 rethrow=0 return_oop=0}
                      ; - org.eclipse.swt.widgets.RunnableLock::run@39 (line 44)
                      ; - org.eclipse.swt.widgets.Synchronizer::runAsyncMessages@41 (line 132)
                      ; - org.eclipse.swt.widgets.Display::runAsyncMessages@5 (line 4122)
                      ; - org.eclipse.swt.widgets.Display::readAndDispatch@84 (line 3738)
  0x0000027dcdbc551c: 609e 65ff 

  0x0000027dcdbc5520: ;   {other}
  0x0000027dcdbc5520: 0f1f 8400 | 102b 0064 | e9f7 e3ff | ff48 8bd8 | 4180 7f40 | 000f 85c7 | 0000 0048 | 8b7c 2428 
  0x0000027dcdbc5540: 4c8b d74c | 8bdb 4d33 | da4c 8bc3 | 4489 4714 | 49c1 eb14 | 4d85 db74 | 1649 c1ea | 094c 8b44 
  0x0000027dcdbc5560: 2430 4d03 | c241 8038 | 020f 85fe | 0000 0048 | 897c 2428 | ba2e 0000 | 004c 8bc3 

  0x0000027dcdbc557c: ;   {static_call}
  0x0000027dcdbc557c: c5f8 77e8 

  0x0000027dcdbc5580: ; ImmutableOopMap {[32]=Oop [40]=Oop [72]=NarrowOop }
                      ;*invokestatic error {reexecute=0 rethrow=0 return_oop=0}
                      ; - org.eclipse.swt.widgets.Synchronizer::runAsyncMessages@59 (line 135)
                      ; - org.eclipse.swt.widgets.Display::runAsyncMessages@5 (line 4122)
                      ; - org.eclipse.swt.widgets.Display::readAndDispatch@84 (line 3738)
  0x0000027dcdbc5580: fca2 65ff 

  0x0000027dcdbc5584: ;   {other}
  0x0000027dcdbc5584: 0f1f 8400 | 742b 0065 | 8b5c 2448 | 448b 5b0c | 4585 db74 | 0a45 0fb6 | 5b1a 4585 | db74 3341 
  0x0000027dcdbc55a4: 807f 4000 | 0f85 8c00 | 0000 4489 | 6314 488b | 6c24 2048 | 8b54 2428 

  0x0000027dcdbc55bc: ;   {optimized virtual_call}
  0x0000027dcdbc55bc: c5f8 77e8 

  0x0000027dcdbc55c0: ; ImmutableOopMap {rbp=Oop [40]=Oop }
                      ;*invokevirtual notifyAll {reexecute=0 rethrow=0 return_oop=0}
                      ; - org.eclipse.swt.widgets.Synchronizer::runAsyncMessages@93 (line 141)
                      ; - org.eclipse.swt.widgets.Display::runAsyncMessages@5 (line 4122)
                      ; - org.eclipse.swt.widgets.Display::readAndDispatch@84 (line 3738)
  0x0000027dcdbc55c0: bc98 65ff 

  0x0000027dcdbc55c4: ;   {other}
  0x0000027dcdbc55c4: 0f1f 8400 | b42b 0066 | 488b 6c24 | 28e9 96e4 | ffff 448b | 5b0c 4585 | db0f 84df | 0000 0049 
  0x0000027dcdbc55e4: 8bd3 4533 | c066 6690 

  0x0000027dcdbc55ec: ;   {optimized virtual_call}
  0x0000027dcdbc55ec: c5f8 77e8 

  0x0000027dcdbc55f0: ; ImmutableOopMap {[32]=Oop [40]=Oop [72]=NarrowOop }
                      ;*invokevirtual sendPostEvent {reexecute=0 rethrow=0 return_oop=0}
                      ; - org.eclipse.swt.widgets.Synchronizer::runAsyncMessages@84 (line 138)
                      ; - org.eclipse.swt.widgets.Display::runAsyncMessages@5 (line 4122)
                      ; - org.eclipse.swt.widgets.Display::readAndDispatch@84 (line 3738)
  0x0000027dcdbc55f0: 8c98 65ff 

  0x0000027dcdbc55f4: ;   {other}
  0x0000027dcdbc55f4: 0f1f 8400 | e42b 0067 | 8b5c 2448 | eba1 488b | 7c24 2844 | 8b57 1445 | 85d2 0f84 | 2cff ffff 
  0x0000027dcdbc5614: 4d8b 5f28 | 498b ca4d | 85db 0f84 | 48fe ffff | 4d8b 5738 | 4b89 4c1a | f849 83c3 | f84d 895f 
  0x0000027dcdbc5634: 28e9 06ff | ffff 448b | 5b14 4585 | db0f 8467 | ffff ff4d | 8b57 2849 | 8bcb 4d85 | d20f 84f5 
  0x0000027dcdbc5654: fdff ff4d | 8b5f 384b | 894c 13f8 | 4983 c2f8 | 4d89 5728 | e941 ffff | ff4d 8b57 | 584d 8b5f 
  0x0000027dcdbc5674: 48f0 8344 | 24c0 0041 | 8038 000f | 84ea feff | ff45 8820 | 4d85 db75 | 2349 8bc8 | 498b d7c5 
  0x0000027dcdbc5694: f877 49ba | a014 05b1 | f97f 0000 

  0x0000027dcdbc56a0: ;   {other}
  0x0000027dcdbc56a0: 41ff d20f | 1f84 0000 | 0000 00e9 | bffe ffff | 4f89 441a | f849 83c3 | f84d 895f | 48e9 adfe 
  0x0000027dcdbc56c0: ffff baf6 | ffff ff90 

  0x0000027dcdbc56c8: ;   {runtime_call UncommonTrapBlob}
  0x0000027dcdbc56c8: c5f8 77e8 

  0x0000027dcdbc56cc: ; ImmutableOopMap {[40]=Oop [72]=NarrowOop }
                      ;*invokevirtual sendPostEvent {reexecute=0 rethrow=0 return_oop=0}
                      ; - org.eclipse.swt.widgets.Synchronizer::runAsyncMessages@84 (line 138)
                      ; - org.eclipse.swt.widgets.Display::runAsyncMessages@5 (line 4122)
                      ; - org.eclipse.swt.widgets.Display::readAndDispatch@84 (line 3738)
  0x0000027dcdbc56cc: 3026 66ff 

  0x0000027dcdbc56d0: ;   {other}
  0x0000027dcdbc56d0: 0f1f 8400 | c02c 0068 | 498b d7c5 | f877 49ba | c014 05b1 | f97f 0000 

  0x0000027dcdbc56e8: ;   {other}
  0x0000027dcdbc56e8: 41ff d20f | 1f84 0000 | 0000 00eb | 4d48 8bd8 | 488b 6c24 | 28e9 fe00 | 0000 488b | d8e9 f600 
  0x0000027dcdbc5708: 0000 488b | d848 8b6c | 2428 e9e9 | 0000 0048 | 8944 2438 | 8b6c 2448 | 448b 5d0c | 4585 db74 
  0x0000027dcdbc5728: 0e45 0fb6 | 5b1a 4585 | db0f 84a6 | 0100 0041 | 807f 4000 | 0f85 bf01 | 0000 4489 | 6514 488b 
  0x0000027dcdbc5748: 5424 2848 | 8bea 6690 

  0x0000027dcdbc5750: ;   {optimized virtual_call}
  0x0000027dcdbc5750: c5f8 77e8 

  0x0000027dcdbc5754: ; ImmutableOopMap {rbp=Oop [56]=Oop }
                      ;*invokevirtual notifyAll {reexecute=0 rethrow=0 return_oop=0}
                      ; - org.eclipse.swt.widgets.Synchronizer::runAsyncMessages@132 (line 141)
                      ; - org.eclipse.swt.widgets.Display::runAsyncMessages@5 (line 4122)
                      ; - org.eclipse.swt.widgets.Display::readAndDispatch@84 (line 3738)
  0x0000027dcdbc5754: 2897 65ff 

  0x0000027dcdbc5758: ;   {other}
  0x0000027dcdbc5758: 0f1f 8400 | 482d 0069 | 488b 5c24 | 38e9 9600 | 0000 488b | d848 8b6c | 2428 e989 | 0000 00eb 
  0x0000027dcdbc5778: 28eb 7aeb | 78eb 22eb | 06eb 72eb | 0aeb 0048 | 8bd0 e919 | 0100 0048 | 8bd0 e911 | 0100 00eb 
  0x0000027dcdbc5798: 0848 8bd0 | e907 0100 | 0048 8bd0 | e9ff 0000 | 0048 8944 | 2438 488b | 5424 5844 | 8b44 2444 
  0x0000027dcdbc57b8: ;   {optimized virtual_call}
  0x0000027dcdbc57b8: c5f8 77e8 

  0x0000027dcdbc57bc: ; ImmutableOopMap {[56]=Oop [72]=Oop [80]=Oop [88]=Oop [96]=Oop }
                      ;*invokevirtual sendPostEvent {reexecute=0 rethrow=0 return_oop=0}
                      ; - org.eclipse.swt.widgets.Display::filterEvent@31 (line 1341)
                      ; - org.eclipse.swt.widgets.Widget::sendEvent@7 (line 1216)
                      ; - org.eclipse.swt.widgets.Display::runDeferredEvents@92 (line 4147)
                      ; - org.eclipse.swt.widgets.Display::readAndDispatch@69 (line 3735)
  0x0000027dcdbc57bc: c096 65ff 

  0x0000027dcdbc57c0: ;   {other}
  0x0000027dcdbc57c0: 0f1f 8400 | b02d 006a | 488b 4424 | 38eb 2648 | 8944 2420 | 488b 5424 | 5844 8b44 | 2430 6690 
  0x0000027dcdbc57e0: ;   {optimized virtual_call}
  0x0000027dcdbc57e0: c5f8 77e8 

  0x0000027dcdbc57e4: ; ImmutableOopMap {[32]=Oop [72]=Oop }
                      ;*invokevirtual sendPostEvent {reexecute=0 rethrow=0 return_oop=0}
                      ; - org.eclipse.swt.widgets.Display::sendEvent@22 (line 4351)
                      ; - org.eclipse.swt.widgets.Widget::sendEvent@26 (line 1217)
                      ; - org.eclipse.swt.widgets.Display::runDeferredEvents@92 (line 4147)
                      ; - org.eclipse.swt.widgets.Display::readAndDispatch@69 (line 3735)
  0x0000027dcdbc57e4: 9896 65ff 

  0x0000027dcdbc57e8: ;   {other}
  0x0000027dcdbc57e8: 0f1f 8400 | d82d 006b | 488b 4424 | 2048 8bd0 | e9ab 0000 | 0048 8bd8 | 488d 4424 | 7048 8338 
  0x0000027dcdbc5808: 000f 847b | 0000 004c | 8b55 0041 | f6c2 020f | 8462 0000 | 0049 83ba | 8600 0000 | 0074 0949 
  0x0000027dcdbc5828: ff8a 8600 | 0000 eb4b | 498b 8296 | 0000 0049 | 0b82 8e00 | 0000 750a | 49c7 423e | 0000 0000 
  0x0000027dcdbc5848: eb3e 4983 | ba9e 0000 | 0000 7422 | 4833 c049 | c742 3e00 | 0000 00f0 | 8304 2400 | 4983 ba9e 
  0x0000027dcdbc5868: 0000 0000 | 750d f04d | 0fb1 7a3e | 7505 83c8 | 01eb 0da8 | 00eb 094c | 8b10 f04c | 0fb1 5500 
  0x0000027dcdbc5888: 750a 49ff | 8f48 0500 | 0045 33d2 | 7522 488b | d3eb 0d48 | 8bd0 eb08 | 488b d0eb | 0348 8bd0 
  0x0000027dcdbc58a8: c5f8 7748 | 81c4 8000 

  0x0000027dcdbc58b0: ;   {runtime_call _rethrow_Java}
  0x0000027dcdbc58b0: 0000 5de9 | 48b7 74ff | 488b cd48 | 8d54 2470 | 4d8b c7c5 | f877 49ba | 7039 46b1 | f97f 0000 
  0x0000027dcdbc58d0: ;   {other}
  0x0000027dcdbc58d0: 41ff d20f | 1f84 0000 | 0000 00eb | b944 8b5d | 0c45 85db | 744e 498b | d345 33c0 

  0x0000027dcdbc58ec: ;   {optimized virtual_call}
  0x0000027dcdbc58ec: c5f8 77e8 

  0x0000027dcdbc58f0: ; ImmutableOopMap {rbp=NarrowOop [32]=Oop [40]=Oop [56]=Oop }
                      ;*invokevirtual sendPostEvent {reexecute=0 rethrow=0 return_oop=0}
                      ; - org.eclipse.swt.widgets.Synchronizer::runAsyncMessages@123 (line 138)
                      ; - org.eclipse.swt.widgets.Display::runAsyncMessages@5 (line 4122)
                      ; - org.eclipse.swt.widgets.Display::readAndDispatch@84 (line 3738)
  0x0000027dcdbc58f0: 8c95 65ff 

  0x0000027dcdbc58f4: ;   {other}
  0x0000027dcdbc58f4: 0f1f 8400 | e42e 006c | e936 feff | ff44 8b5d | 1445 85db | 0f84 34fe | ffff 4d8b | 5728 498b 
  0x0000027dcdbc5914: cb4d 85d2 | 0f84 bafd | ffff 4d8b | 5f38 4b89 | 4c13 f849 | 83c2 f84d | 8957 28e9 | 0efe ffff 
  0x0000027dcdbc5934: baf6 ffff | ff66 6690 

  0x0000027dcdbc593c: ;   {runtime_call UncommonTrapBlob}
  0x0000027dcdbc593c: c5f8 77e8 

  0x0000027dcdbc5940: ; ImmutableOopMap {[40]=Oop [56]=Oop [72]=NarrowOop }
                      ;*invokevirtual sendPostEvent {reexecute=0 rethrow=0 return_oop=0}
                      ; - org.eclipse.swt.widgets.Synchronizer::runAsyncMessages@123 (line 138)
                      ; - org.eclipse.swt.widgets.Display::runAsyncMessages@5 (line 4122)
                      ; - org.eclipse.swt.widgets.Display::readAndDispatch@84 (line 3738)
  0x0000027dcdbc5940: bc23 66ff 

  0x0000027dcdbc5944: ;   {other}
  0x0000027dcdbc5944: 0f1f 8400 | 342f 006d 

  0x0000027dcdbc594c: ;   {internal_word}
  0x0000027dcdbc594c: 49ba 9d35 | bccd 7d02 | 0000 4d89 | 9760 0400 

  0x0000027dcdbc595c: ;   {runtime_call SafepointBlob}
  0x0000027dcdbc595c: 00e9 1e12 

  0x0000027dcdbc5960: ;   {runtime_call StubRoutines (final stubs)}
  0x0000027dcdbc5960: 66ff e859 | 0364 ffe9 | 52d5 ffff | f4f4 f4f4 
[Stub Code]
  0x0000027dcdbc5970: ;   {no_reloc}
  0x0000027dcdbc5970: 48bb 0000 | 0000 0000 

  0x0000027dcdbc5978: ;   {runtime_call nmethod}
  0x0000027dcdbc5978: 0000 e9fb 

  0x0000027dcdbc597c: ;   {static_stub}
  0x0000027dcdbc597c: ffff ff48 | bb00 0000 | 0000 0000 

  0x0000027dcdbc5988: ;   {runtime_call nmethod}
  0x0000027dcdbc5988: 00e9 fbff 

  0x0000027dcdbc598c: ;   {static_stub}
  0x0000027dcdbc598c: ffff 48bb | 0000 0000 | 0000 0000 

  0x0000027dcdbc5998: ;   {runtime_call nmethod}
  0x0000027dcdbc5998: e9fb ffff 

  0x0000027dcdbc599c: ;   {static_stub}
  0x0000027dcdbc599c: ff48 bb00 | 0000 0000 

  0x0000027dcdbc59a4: ;   {runtime_call nmethod}
  0x0000027dcdbc59a4: 0000 00e9 | fbff ffff 

  0x0000027dcdbc59ac: ;   {static_stub}
  0x0000027dcdbc59ac: 48bb 0000 | 0000 0000 

  0x0000027dcdbc59b4: ;   {runtime_call nmethod}
  0x0000027dcdbc59b4: 0000 e9fb 

  0x0000027dcdbc59b8: ;   {static_stub}
  0x0000027dcdbc59b8: ffff ff48 | bb00 0000 | 0000 0000 

  0x0000027dcdbc59c4: ;   {runtime_call nmethod}
  0x0000027dcdbc59c4: 00e9 fbff 

  0x0000027dcdbc59c8: ;   {static_stub}
  0x0000027dcdbc59c8: ffff 48bb | 0000 0000 | 0000 0000 

  0x0000027dcdbc59d4: ;   {runtime_call nmethod}
  0x0000027dcdbc59d4: e9fb ffff 

  0x0000027dcdbc59d8: ;   {static_stub}
  0x0000027dcdbc59d8: ff48 bb00 | 0000 0000 

  0x0000027dcdbc59e0: ;   {runtime_call nmethod}
  0x0000027dcdbc59e0: 0000 00e9 | fbff ffff 

  0x0000027dcdbc59e8: ;   {static_stub}
  0x0000027dcdbc59e8: 48bb 0000 | 0000 0000 

  0x0000027dcdbc59f0: ;   {runtime_call nmethod}
  0x0000027dcdbc59f0: 0000 e9fb 

  0x0000027dcdbc59f4: ;   {static_stub}
  0x0000027dcdbc59f4: ffff ff48 | bb00 0000 | 0000 0000 

  0x0000027dcdbc5a00: ;   {runtime_call nmethod}
  0x0000027dcdbc5a00: 00e9 fbff 

  0x0000027dcdbc5a04: ;   {static_stub}
  0x0000027dcdbc5a04: ffff 48bb | 5856 701d | 7e02 0000 

  0x0000027dcdbc5a10: ;   {runtime_call I2C/C2I adapters}
  0x0000027dcdbc5a10: e972 ef65 

  0x0000027dcdbc5a14: ;   {static_stub}
  0x0000027dcdbc5a14: ff48 bb00 | 0000 0000 

  0x0000027dcdbc5a1c: ;   {runtime_call nmethod}
  0x0000027dcdbc5a1c: 0000 00e9 | fbff ffff 

  0x0000027dcdbc5a24: ;   {static_stub}
  0x0000027dcdbc5a24: 48bb 0000 | 0000 0000 

  0x0000027dcdbc5a2c: ;   {runtime_call nmethod}
  0x0000027dcdbc5a2c: 0000 e9fb 

  0x0000027dcdbc5a30: ;   {static_stub}
  0x0000027dcdbc5a30: ffff ff48 | bb00 0000 | 0000 0000 

  0x0000027dcdbc5a3c: ;   {runtime_call nmethod}
  0x0000027dcdbc5a3c: 00e9 fbff 

  0x0000027dcdbc5a40: ;   {static_stub}
  0x0000027dcdbc5a40: ffff 48bb | 0000 0000 | 0000 0000 

  0x0000027dcdbc5a4c: ;   {runtime_call nmethod}
  0x0000027dcdbc5a4c: e9fb ffff 

  0x0000027dcdbc5a50: ;   {static_stub}
  0x0000027dcdbc5a50: ff48 bb00 | 0000 0000 

  0x0000027dcdbc5a58: ;   {runtime_call nmethod}
  0x0000027dcdbc5a58: 0000 00e9 | fbff ffff 

  0x0000027dcdbc5a60: ;   {static_stub}
  0x0000027dcdbc5a60: 48bb 0000 | 0000 0000 

  0x0000027dcdbc5a68: ;   {runtime_call nmethod}
  0x0000027dcdbc5a68: 0000 e9fb 

  0x0000027dcdbc5a6c: ;   {static_stub}
  0x0000027dcdbc5a6c: ffff ff48 | bb00 0000 | 0000 0000 

  0x0000027dcdbc5a78: ;   {runtime_call nmethod}
  0x0000027dcdbc5a78: 00e9 fbff 

  0x0000027dcdbc5a7c: ;   {static_stub}
  0x0000027dcdbc5a7c: ffff 48bb | 0000 0000 | 0000 0000 

  0x0000027dcdbc5a88: ;   {runtime_call nmethod}
  0x0000027dcdbc5a88: e9fb ffff 

  0x0000027dcdbc5a8c: ;   {static_stub}
  0x0000027dcdbc5a8c: ff48 bb00 | 0000 0000 

  0x0000027dcdbc5a94: ;   {runtime_call nmethod}
  0x0000027dcdbc5a94: 0000 00e9 | fbff ffff 
[Exception Handler]
  0x0000027dcdbc5a9c: ;   {runtime_call ExceptionBlob}
  0x0000027dcdbc5a9c: e95f b173 | ffe8 0000 | 0000 4883 

  0x0000027dcdbc5aa8: ;   {runtime_call DeoptimizationBlob}
  0x0000027dcdbc5aa8: 2c24 05e9 | 7025 66ff 
[/MachCode]


Compiled method (c1) 139794  551       3       java.lang.invoke.DirectMethodHandle$Holder::invokeStatic (15 bytes)
 total in heap  [0x0000027dc5d63710,0x0000027dc5d63e28] = 1816
 relocation     [0x0000027dc5d63870,0x0000027dc5d638d0] = 96
 main code      [0x0000027dc5d638e0,0x0000027dc5d63ce8] = 1032
 stub code      [0x0000027dc5d63ce8,0x0000027dc5d63d40] = 88
 metadata       [0x0000027dc5d63d40,0x0000027dc5d63d50] = 16
 scopes data    [0x0000027dc5d63d50,0x0000027dc5d63da0] = 80
 scopes pcs     [0x0000027dc5d63da0,0x0000027dc5d63e10] = 112
 dependencies   [0x0000027dc5d63e10,0x0000027dc5d63e18] = 8
 nul chk table  [0x0000027dc5d63e18,0x0000027dc5d63e28] = 16

[Constant Pool (empty)]

[MachCode]
[Verified Entry Point]
  # {method} {0x0000027ddb0b4420} 'invokeStatic' '(Ljava/lang/Object;Ljava/lang/Object;Ljava/lang/Object;)Ljava/lang/Object;' in 'java/lang/invoke/DirectMethodHandle$Holder'
  # parm0:    rdx:rdx   = 'java/lang/Object'
  # parm1:    r8:r8     = 'java/lang/Object'
  # parm2:    r9:r9     = 'java/lang/Object'
  #           [sp+0x50]  (sp of caller)
  0x0000027dc5d638e0: e99b 3d47 | 07ff ff55 | 4883 ec40 | 4181 7f20 | 2700 0000 

  0x0000027dc5d638f4: ;   {runtime_call StubRoutines (final stubs)}
  0x0000027dc5d638f4: 7405 e8c5 

  0x0000027dc5d638f8: ;   {metadata(method data for {method} {0x0000027ddb0b4420} 'invokeStatic' '(Ljava/lang/Object;Ljava/lang/Object;Ljava/lang/Object;)Ljava/lang/Object;' in 'java/lang/invoke/DirectMethodHandle$Holder')}
  0x0000027dc5d638f8: 234a 0748 | be90 9922 | 1c7e 0200 | 0048 8db6 | 2002 0000 | 4885 d275 | 0cf6 0601 | 7530 f048 
  0x0000027dc5d63918: 830e 01eb | 298b 7a08 | 49ba 0000 | 00db 7d02 | 0000 4903 | fa4c 8bd7 | 4833 3e48 | f7c7 fcff 
  0x0000027dc5d63938: ffff 740a | 40f6 c702 | 7504 4883 | 0e02 4d85 | c075 0ef6 | 4610 0175 | 34f0 4883 | 4e10 01eb 
  0x0000027dc5d63958: 2c41 8b78 | 0849 ba00 | 0000 db7d | 0200 0049 | 03fa 4c8b | d748 337e | 1048 f7c7 | fcff ffff 
  0x0000027dc5d63978: 740b 40f6 | c702 7505 | 4883 4e10 

  0x0000027dc5d63984: ;   {metadata(method data for {method} {0x0000027ddb0b4420} 'invokeStatic' '(Ljava/lang/Object;Ljava/lang/Object;Ljava/lang/Object;)Ljava/lang/Object;' in 'java/lang/invoke/DirectMethodHandle$Holder')}
  0x0000027dc5d63984: 0248 be90 | 9922 1c7e | 0200 008b | becc 0000 | 0083 c702 | 89be cc00 | 0000 81e7 | fe07 0000 
  0x0000027dc5d639a4: 85ff 0f84 | ae02 0000 

  0x0000027dc5d639ac: ;   {metadata(method data for {method} {0x0000027ddb0b4420} 'invokeStatic' '(Ljava/lang/Object;Ljava/lang/Object;Ljava/lang/Object;)Ljava/lang/Object;' in 'java/lang/invoke/DirectMethodHandle$Holder')}
  0x0000027dc5d639ac: 48be 9099 | 221c 7e02 | 0000 488d | b620 0100 | 0048 85d2 | 750e f646 | 0801 7533 | f048 834e 
  0x0000027dc5d639cc: 0801 eb2b | 8b7a 0849 | ba00 0000 | db7d 0200 | 0049 03fa | 4c8b d748 | 337e 0848 | f7c7 fcff 
  0x0000027dc5d639ec: ffff 740b | 40f6 c702 | 7505 4883 

  0x0000027dc5d639f8: ;   {metadata(method data for {method} {0x0000027ddb0b4420} 'invokeStatic' '(Ljava/lang/Object;Ljava/lang/Object;Ljava/lang/Object;)Ljava/lang/Object;' in 'java/lang/invoke/DirectMethodHandle$Holder')}
  0x0000027dc5d639f8: 4e08 0248 | be90 9922 | 1c7e 0200 | 0048 8386 | 1001 0000 

  0x0000027dc5d63a0c: ;   {metadata(method data for {method} {0x0000027ddb0a2978} 'internalMemberName' '(Ljava/lang/Object;)Ljava/lang/Object;' in 'java/lang/invoke/DirectMethodHandle')}
  0x0000027dc5d63a0c: 0148 be10 | 8f22 1c7e | 0200 008b | becc 0000 | 0083 c702 | 89be cc00 | 0000 81e7 | feff 1f00 
  0x0000027dc5d63a2c: 85ff 0f84 | 4702 0000 | 4885 d275 

  0x0000027dc5d63a38: ;   {metadata(method data for {method} {0x0000027ddb0a2978} 'internalMemberName' '(Ljava/lang/Object;)Ljava/lang/Object;' in 'java/lang/invoke/DirectMethodHandle')}
  0x0000027dc5d63a38: 1648 bf10 | 8f22 1c7e | 0200 0080 | 8f09 0100 | 0001 e9cd 

  0x0000027dc5d63a4c: ;   {metadata('java/lang/invoke/DirectMethodHandle')}
  0x0000027dc5d63a4c: 0000 0048 | bbf8 000a | db7d 0200 | 008b 7a08 | 49ba 0000 | 00db 7d02 | 0000 4903 | fa48 3b5f 
  0x0000027dc5d63a6c: 400f 858d 

  0x0000027dc5d63a70: ;   {metadata(method data for {method} {0x0000027ddb0a2978} 'internalMemberName' '(Ljava/lang/Object;)Ljava/lang/Object;' in 'java/lang/invoke/DirectMethodHandle')}
  0x0000027dc5d63a70: 0000 0048 | bf10 8f22 | 1c7e 0200 | 008b 5a08 | 49ba 0000 | 00db 7d02 | 0000 4903 | da48 3b9f 
  0x0000027dc5d63a90: 2001 0000 | 750d 4883 | 8728 0100 | 0001 e979 | 0000 0048 | 3b9f 3001 | 0000 750d | 4883 8738 
  0x0000027dc5d63ab0: 0100 0001 | e963 0000 | 0048 83bf | 2001 0000 | 0075 1748 | 899f 2001 | 0000 48c7 | 8728 0100 
  0x0000027dc5d63ad0: 0001 0000 | 00e9 4200 | 0000 4883 | bf30 0100 | 0000 7517 | 4889 9f30 | 0100 0048 | c787 3801 
  0x0000027dc5d63af0: 0000 0100 | 0000 e921 | 0000 00e9 | 1c00 0000 

  0x0000027dc5d63b00: ;   {metadata(method data for {method} {0x0000027ddb0a2978} 'internalMemberName' '(Ljava/lang/Object;)Ljava/lang/Object;' in 'java/lang/invoke/DirectMethodHandle')}
  0x0000027dc5d63b00: 48bf 108f | 221c 7e02 | 0000 4883 | af10 0100 | 0001 e985 | 0100 00e9 | 0000 0000 

  0x0000027dc5d63b1c: ; implicit exception: dispatches to 0x0000027dc5d63ca5
                      ;   {metadata(method data for {method} {0x0000027ddb0b4420} 'invokeStatic' '(Ljava/lang/Object;Ljava/lang/Object;Ljava/lang/Object;)Ljava/lang/Object;' in 'java/lang/invoke/DirectMethodHandle$Holder')}
  0x0000027dc5d63b1c: 8b72 2048 | ba90 9922 | 1c7e 0200 | 0048 8d92 | 3001 0000 | 4885 f675 | 0af6 0201 | 7505 f048 
  0x0000027dc5d63b3c: ;   {metadata(method data for {method} {0x0000027ddb0b4420} 'invokeStatic' '(Ljava/lang/Object;Ljava/lang/Object;Ljava/lang/Object;)Ljava/lang/Object;' in 'java/lang/invoke/DirectMethodHandle$Holder')}
  0x0000027dc5d63b3c: 830a 0148 | ba90 9922 | 1c7e 0200 | 0048 8d92 | 8801 0000 | 4d85 c075 | 0ef6 4208 | 0175 34f0 
  0x0000027dc5d63b5c: 4883 4a08 | 01eb 2c41 | 8b78 0849 | ba00 0000 | db7d 0200 | 0049 03fa | 4c8b d748 | 337a 0848 
  0x0000027dc5d63b7c: f7c7 fcff | ffff 740b | 40f6 c702 | 7505 4883 | 4a08 024d | 85c9 750e | f642 1801 | 7534 f048 
  0x0000027dc5d63b9c: 834a 1801 | eb2c 418b | 7908 49ba | 0000 00db | 7d02 0000 | 4903 fa4c | 8bd7 4833 | 7a18 48f7 
  0x0000027dc5d63bbc: c7fc ffff | ff74 0b40 | f6c7 0275 | 0548 834a 

  0x0000027dc5d63bcc: ;   {metadata(method data for {method} {0x0000027ddb0b4420} 'invokeStatic' '(Ljava/lang/Object;Ljava/lang/Object;Ljava/lang/Object;)Ljava/lang/Object;' in 'java/lang/invoke/DirectMethodHandle$Holder')}
  0x0000027dc5d63bcc: 1802 48ba | 9099 221c | 7e02 0000 | 4883 8278 | 0100 0001 | 498b d04d | 8bc1 4c8b | ce66 0f1f 
  0x0000027dc5d63bec: ;   {static_call}
  0x0000027dc5d63bec: 4400 00e8 

  0x0000027dc5d63bf0: ; ImmutableOopMap {}
                      ;*invokestatic linkToStatic {reexecute=0 rethrow=0 return_oop=0}
                      ; - java.lang.invoke.DirectMethodHandle$Holder::invokeStatic@11
  0x0000027dc5d63bf0: 0ceb a007 

  0x0000027dc5d63bf4: ;   {other}
  0x0000027dc5d63bf4: 0f1f 8400 | e404 0000 

  0x0000027dc5d63bfc: ;   {metadata(method data for {method} {0x0000027ddb0b4420} 'invokeStatic' '(Ljava/lang/Object;Ljava/lang/Object;Ljava/lang/Object;)Ljava/lang/Object;' in 'java/lang/invoke/DirectMethodHandle$Holder')}
  0x0000027dc5d63bfc: 48be 9099 | 221c 7e02 | 0000 488d | b6a8 0100 | 0048 85c0 | 750c f606 | 0175 30f0 | 4883 0e01 
  0x0000027dc5d63c1c: eb29 8b78 | 0849 ba00 | 0000 db7d | 0200 0049 | 03fa 4c8b | d748 333e | 48f7 c7fc | ffff ff74 
  0x0000027dc5d63c3c: 0a40 f6c7 | 0275 0448 | 830e 0248 | 83c4 405d 

  0x0000027dc5d63c4c: ;   {poll_return}
  0x0000027dc5d63c4c: 493b a748 | 0400 000f | 8751 0000 

  0x0000027dc5d63c58: ;   {metadata({method} {0x0000027ddb0b4420} 'invokeStatic' '(Ljava/lang/Object;Ljava/lang/Object;Ljava/lang/Object;)Ljava/lang/Object;' in 'java/lang/invoke/DirectMethodHandle$Holder')}
  0x0000027dc5d63c58: 00c3 49ba | 1844 0bdb | 7d02 0000 | 4c89 5424 | 0848 c704 | 24ff ffff 

  0x0000027dc5d63c70: ;   {runtime_call counter_overflow Runtime1 stub}
  0x0000027dc5d63c70: ffe8 8a8f 

  0x0000027dc5d63c74: ; ImmutableOopMap {rdx=Oop r8=Oop r9=Oop }
                      ;*synchronization entry
                      ; - java.lang.invoke.DirectMethodHandle$Holder::invokeStatic@-1
  0x0000027dc5d63c74: 5907 e931 

  0x0000027dc5d63c78: ;   {metadata({method} {0x0000027ddb0a2978} 'internalMemberName' '(Ljava/lang/Object;)Ljava/lang/Object;' in 'java/lang/invoke/DirectMethodHandle')}
  0x0000027dc5d63c78: fdff ff49 | ba70 290a | db7d 0200 | 004c 8954 | 2408 48c7 | 0424 ffff 

  0x0000027dc5d63c90: ;   {runtime_call counter_overflow Runtime1 stub}
  0x0000027dc5d63c90: ffff e869 

  0x0000027dc5d63c94: ; ImmutableOopMap {rdx=Oop r8=Oop r9=Oop }
                      ;*synchronization entry
                      ; - java.lang.invoke.DirectMethodHandle::internalMemberName@-1 (line 327)
                      ; - java.lang.invoke.DirectMethodHandle$Holder::invokeStatic@1
  0x0000027dc5d63c94: 8f59 07e9 | 98fd ffff | 4889 1424 

  0x0000027dc5d63ca0: ;   {runtime_call throw_class_cast_exception Runtime1 stub}
  0x0000027dc5d63ca0: e8fb 4b59 

  0x0000027dc5d63ca4: ; ImmutableOopMap {r8=Oop r9=Oop }
                      ;*checkcast {reexecute=0 rethrow=0 return_oop=0}
                      ; - java.lang.invoke.DirectMethodHandle::internalMemberName@1 (line 327)
                      ; - java.lang.invoke.DirectMethodHandle$Holder::invokeStatic@1
                      ;   {runtime_call throw_null_pointer_exception Runtime1 stub}
  0x0000027dc5d63ca4: 07e8 f619 

  0x0000027dc5d63ca8: ; ImmutableOopMap {r8=Oop r9=Oop }
                      ;*getfield member {reexecute=1 rethrow=0 return_oop=0}
                      ; - (reexecute) java.lang.invoke.DirectMethodHandle::internalMemberName@4 (line 327)
                      ; - java.lang.invoke.DirectMethodHandle$Holder::invokeStatic@1
                      ;   {internal_word}
  0x0000027dc5d63ca8: 5907 49ba | 4c3c d6c5 | 7d02 0000 | 4d89 9760 

  0x0000027dc5d63cb8: ;   {runtime_call SafepointBlob}
  0x0000027dc5d63cb8: 0400 00e9 | c02e 4c07 | 498b 87f8 | 0400 0049 | c787 f804 | 0000 0000 | 0000 49c7 | 8700 0500 
  0x0000027dc5d63cd8: 0000 0000 | 0048 83c4 

  0x0000027dc5d63ce0: ;   {runtime_call unwind_exception Runtime1 stub}
  0x0000027dc5d63ce0: 405d e999 | 0a59 07f4 
[Stub Code]
  0x0000027dc5d63ce8: ;   {no_reloc}
  0x0000027dc5d63ce8: 48bb 0000 | 0000 0000 

  0x0000027dc5d63cf0: ;   {runtime_call nmethod}
  0x0000027dc5d63cf0: 0000 e9fb 

  0x0000027dc5d63cf4: ;   {runtime_call handle_exception_from_callee Runtime1 stub}
  0x0000027dc5d63cf4: ffff ffe8 | 8445 5907 

  0x0000027dc5d63cfc: ;   {external_word}
  0x0000027dc5d63cfc: 48b9 907f | 72b1 f97f | 0000 4883 

  0x0000027dc5d63d08: ;   {runtime_call}
  0x0000027dc5d63d08: e4f0 48b8 | e044 35b1 | f97f 0000 

  0x0000027dc5d63d14: ;   {section_word}
  0x0000027dc5d63d14: ffd0 f449 | ba17 3dd6 | c57d 0200 

  0x0000027dc5d63d20: ;   {runtime_call DeoptimizationBlob}
  0x0000027dc5d63d20: 0041 52e9 | f842 4c07 
[Deopt MH Handler Code]
  0x0000027dc5d63d28: ;   {section_word}
  0x0000027dc5d63d28: 49ba 283d | d6c5 7d02 | 0000 4152 

  0x0000027dc5d63d34: ;   {runtime_call DeoptimizationBlob}
  0x0000027dc5d63d34: e9e7 424c | 07f4 f4f4 | f4f4 f4f4 
[/MachCode]


---------------  P R O C E S S  ---------------

Threads class SMR info:
_java_thread_list=0x0000027e21217470, length=65, elements={
0x0000027dbf1487b0, 0x0000027dd78319b0, 0x0000027dd7832400, 0x0000027dd7834d20,
0x0000027dd7835770, 0x0000027dd78361c0, 0x0000027dd7836c10, 0x0000027dd783fda0,
0x0000027dd785a990, 0x0000027dd785d6d0, 0x0000027dda283590, 0x0000027dda48fd20,
0x0000027e20d3d830, 0x0000027e205ba110, 0x0000027e205ba770, 0x0000027e211c08d0,
0x0000027e21f18d80, 0x0000027e2283fa60, 0x0000027e22840780, 0x0000027e22840e10,
0x0000027e2283d990, 0x0000027e2283f3d0, 0x0000027e2283e020, 0x0000027e2283ed40,
0x0000027e228400f0, 0x0000027e20c62700, 0x0000027e20c62070, 0x0000027e20c60cc0,
0x0000027e20c668a0, 0x0000027e27307450, 0x0000027e27307ae0, 0x0000027e26ebc360,
0x0000027e26eba920, 0x0000027e26ebe430, 0x0000027e26ebc9f0, 0x0000027e26ebafb0,
0x0000027e26ebeac0, 0x0000027e26ebf150, 0x0000027e26ebbcd0, 0x0000027e26ec1220,
0x0000027e26ec0500, 0x0000027e26ebfe70, 0x0000027e26ec1f40, 0x0000027e26ebd710,
0x0000027e26ec18b0, 0x0000027e27145b30, 0x0000027e271454a0, 0x0000027e27144780,
0x0000027e27149640, 0x0000027e27147c00, 0x0000027e271461c0, 0x0000027e27148290,
0x0000027e27148920, 0x0000027e27149cd0, 0x0000027e27394c60, 0x0000027e27398770,
0x0000027e273952f0, 0x0000027e218b1930, 0x0000027e27146850, 0x0000027e27146ee0,
0x0000027e27395980, 0x0000027e27397a50, 0x0000027e273980e0, 0x0000027e27396010,
0x0000027e36d508a0
}

Java Threads: ( => current thread )
=>0x0000027dbf1487b0 JavaThread "main"                              [_thread_in_native, id=3392, stack(0x000000eeb1000000,0x000000eeb1100000) (1024K)]
  0x0000027dd78319b0 JavaThread "Reference Handler"          daemon [_thread_blocked, id=25112, stack(0x000000eeb1b00000,0x000000eeb1c00000) (1024K)]
  0x0000027dd7832400 JavaThread "Finalizer"                  daemon [_thread_blocked, id=25376, stack(0x000000eeb1c00000,0x000000eeb1d00000) (1024K)]
  0x0000027dd7834d20 JavaThread "Signal Dispatcher"          daemon [_thread_blocked, id=24828, stack(0x000000eeb1d00000,0x000000eeb1e00000) (1024K)]
  0x0000027dd7835770 JavaThread "Attach Listener"            daemon [_thread_blocked, id=21448, stack(0x000000eeb1e00000,0x000000eeb1f00000) (1024K)]
  0x0000027dd78361c0 JavaThread "Service Thread"             daemon [_thread_blocked, id=21408, stack(0x000000eeb1f00000,0x000000eeb2000000) (1024K)]
  0x0000027dd7836c10 JavaThread "Monitor Deflation Thread"   daemon [_thread_blocked, id=21280, stack(0x000000eeb2000000,0x000000eeb2100000) (1024K)]
  0x0000027dd783fda0 JavaThread "C2 CompilerThread0"         daemon [_thread_blocked, id=23316, stack(0x000000eeb2100000,0x000000eeb2200000) (1024K)]
  0x0000027dd785a990 JavaThread "C1 CompilerThread0"         daemon [_thread_blocked, id=15116, stack(0x000000eeb2200000,0x000000eeb2300000) (1024K)]
  0x0000027dd785d6d0 JavaThread "StringDedupThread"          daemon [_thread_blocked, id=1736, stack(0x000000eeb2300000,0x000000eeb2400000) (1024K)]
  0x0000027dda283590 JavaThread "Common-Cleaner"             daemon [_thread_blocked, id=3052, stack(0x000000eeb2400000,0x000000eeb2500000) (1024K)]
  0x0000027dda48fd20 JavaThread "Notification Thread"        daemon [_thread_blocked, id=7948, stack(0x000000eeb2600000,0x000000eeb2700000) (1024K)]
  0x0000027e20d3d830 JavaThread "Active Thread: Equinox Container: 0b4d2b47-9cbe-49c6-86f0-8e7b6c454a05"        [_thread_blocked, id=2352, stack(0x000000eeb2f00000,0x000000eeb3000000) (1024K)]
  0x0000027e205ba110 JavaThread "Framework Event Dispatcher: Equinox Container: 0b4d2b47-9cbe-49c6-86f0-8e7b6c454a05" daemon [_thread_blocked, id=19924, stack(0x000000eeb3000000,0x000000eeb3100000) (1024K)]
  0x0000027e205ba770 JavaThread "Start Level: Equinox Container: 0b4d2b47-9cbe-49c6-86f0-8e7b6c454a05" daemon [_thread_blocked, id=2888, stack(0x000000eeb3100000,0x000000eeb3200000) (1024K)]
  0x0000027e211c08d0 JavaThread "Bundle File Closer"         daemon [_thread_blocked, id=10372, stack(0x000000eeb3200000,0x000000eeb3300000) (1024K)]
  0x0000027e21f18d80 JavaThread "SCR Component Actor"        daemon [_thread_blocked, id=14420, stack(0x000000eeb2700000,0x000000eeb2800000) (1024K)]
  0x0000027e2283fa60 JavaThread "EMF Reference Cleaner"      daemon [_thread_blocked, id=16684, stack(0x000000eeb3500000,0x000000eeb3600000) (1024K)]
  0x0000027e22840780 JavaThread "Worker-JM"                         [_thread_blocked, id=9604, stack(0x000000eeb3700000,0x000000eeb3800000) (1024K)]
  0x0000027e22840e10 JavaThread "JNA Cleaner"                daemon [_thread_blocked, id=18288, stack(0x000000eeb3800000,0x000000eeb3900000) (1024K)]
  0x0000027e2283d990 JavaThread "Gogo shell"                        [_thread_blocked, id=4348, stack(0x000000eeb3c00000,0x000000eeb3d00000) (1024K)]
  0x0000027e2283f3d0 JavaThread "SWTResourceTracker"         daemon [_thread_blocked, id=16768, stack(0x000000eeb3d00000,0x000000eeb3e00000) (1024K)]
  0x0000027e2283e020 JavaThread "Worker-0"                          [_thread_blocked, id=4440, stack(0x000000eeb4000000,0x000000eeb4100000) (1024K)]
  0x0000027e2283ed40 JavaThread "Git Repository Closer"      daemon [_thread_blocked, id=20856, stack(0x000000eeb4100000,0x000000eeb4200000) (1024K)]
  0x0000027e228400f0 JavaThread "logback-1"                  daemon [_thread_blocked, id=22392, stack(0x000000eeb4200000,0x000000eeb4300000) (1024K)]
  0x0000027e20c62700 JavaThread "Java indexing"              daemon [_thread_blocked, id=23364, stack(0x000000eeb3600000,0x000000eeb3700000) (1024K)]
  0x0000027e20c62070 JavaThread "Java2D Disposer"            daemon [_thread_blocked, id=16916, stack(0x000000eeb4300000,0x000000eeb4400000) (1024K)]
  0x0000027e20c60cc0 JavaThread "AWT-Windows"                daemon [_thread_in_native, id=10528, stack(0x000000eeb4500000,0x000000eeb4600000) (1024K)]
  0x0000027e20c668a0 JavaThread "CompletableFutureDelayScheduler" daemon [_thread_blocked, id=4712, stack(0x000000eeb4400000,0x000000eeb4500000) (1024K)]
  0x0000027e27307450 JavaThread "ForkJoinPool.commonPool-worker-1" daemon [_thread_blocked, id=24472, stack(0x000000eeb4600000,0x000000eeb4700000) (1024K)]
  0x0000027e27307ae0 JavaThread "ForkJoinPool.commonPool-worker-2" daemon [_thread_blocked, id=10380, stack(0x000000eeb4700000,0x000000eeb4800000) (1024K)]
  0x0000027e26ebc360 JavaThread "EventAdmin Async Event Dispatcher Thread" daemon [_thread_blocked, id=7024, stack(0x000000eeb4800000,0x000000eeb4900000) (1024K)]
  0x0000027e26eba920 JavaThread "Worker-1"                          [_thread_blocked, id=3624, stack(0x000000eeb4900000,0x000000eeb4a00000) (1024K)]
  0x0000027e26ebe430 JavaThread "Worker-2"                          [_thread_blocked, id=24892, stack(0x000000eeb4a00000,0x000000eeb4b00000) (1024K)]
  0x0000027e26ebc9f0 JavaThread "Worker-3"                          [_thread_blocked, id=20552, stack(0x000000eeb4b00000,0x000000eeb4c00000) (1024K)]
  0x0000027e26ebafb0 JavaThread "Worker-4"                          [_thread_blocked, id=22016, stack(0x000000eeb4c00000,0x000000eeb4d00000) (1024K)]
  0x0000027e26ebeac0 JavaThread "Worker-5"                          [_thread_blocked, id=1700, stack(0x000000eeb4d00000,0x000000eeb4e00000) (1024K)]
  0x0000027e26ebf150 JavaThread "Worker-7"                          [_thread_blocked, id=11440, stack(0x000000eeb4f00000,0x000000eeb5000000) (1024K)]
  0x0000027e26ebbcd0 JavaThread "Worker-8"                          [_thread_blocked, id=1596, stack(0x000000eeb5000000,0x000000eeb5100000) (1024K)]
  0x0000027e26ec1220 JavaThread "Worker-10"                         [_thread_blocked, id=21328, stack(0x000000eeb5200000,0x000000eeb5300000) (1024K)]
  0x0000027e26ec0500 JavaThread "Worker-11"                         [_thread_blocked, id=19828, stack(0x000000eeb5300000,0x000000eeb5400000) (1024K)]
  0x0000027e26ebfe70 JavaThread "pool-2-thread-1"                   [_thread_blocked, id=12596, stack(0x000000eeb5400000,0x000000eeb5500000) (1024K)]
  0x0000027e26ec1f40 JavaThread "pool-3-thread-1"                   [_thread_blocked, id=268, stack(0x000000eeb5500000,0x000000eeb5600000) (1024K)]
  0x0000027e26ebd710 JavaThread "org.eclipse.jface.text.codemining.CodeMiningReconciler" daemon [_thread_blocked, id=13668, stack(0x000000eeb5600000,0x000000eeb5700000) (1024K)]
  0x0000027e26ec18b0 JavaThread "org.eclipse.ui.internal.genericeditor.DefaultWordHighlightReconciler" daemon [_thread_blocked, id=21044, stack(0x000000eeb5700000,0x000000eeb5800000) (1024K)]
  0x0000027e27145b30 JavaThread "org.eclipse.ui.internal.genericeditor.folding.DefaultFoldingReconciler" daemon [_thread_blocked, id=8260, stack(0x000000eeb5800000,0x000000eeb5900000) (1024K)]
  0x0000027e271454a0 JavaThread "ForkJoinPool.commonPool-worker-3" daemon [_thread_blocked, id=12348, stack(0x000000eeb3300000,0x000000eeb3400000) (1024K)]
  0x0000027e27144780 JavaThread "Worker-12"                         [_thread_blocked, id=11920, stack(0x000000eeb5b00000,0x000000eeb5c00000) (1024K)]
  0x0000027e27149640 JavaThread "Worker-13"                         [_thread_blocked, id=21960, stack(0x000000eeb5c00000,0x000000eeb5d00000) (1024K)]
  0x0000027e27147c00 JavaThread "Worker-15"                         [_thread_blocked, id=8120, stack(0x000000eeb5e00000,0x000000eeb5f00000) (1024K)]
  0x0000027e271461c0 JavaThread "Worker-16"                         [_thread_blocked, id=16572, stack(0x000000eeb5f00000,0x000000eeb6000000) (1024K)]
  0x0000027e27148290 JavaThread "Worker-17"                         [_thread_blocked, id=16496, stack(0x000000eeb6000000,0x000000eeb6100000) (1024K)]
  0x0000027e27148920 JavaThread "Worker-18"                         [_thread_blocked, id=16408, stack(0x000000eeb6100000,0x000000eeb6200000) (1024K)]
  0x0000027e27149cd0 JavaThread "Worker-19"                         [_thread_blocked, id=5740, stack(0x000000eeb6200000,0x000000eeb6300000) (1024K)]
  0x0000027e27394c60 JavaThread "Worker-20"                         [_thread_blocked, id=17588, stack(0x000000eeb6300000,0x000000eeb6400000) (1024K)]
  0x0000027e27398770 JavaThread "Worker-21"                         [_thread_blocked, id=25356, stack(0x000000eeb6500000,0x000000eeb6600000) (1024K)]
  0x0000027e273952f0 JavaThread "Worker-22"                         [_thread_blocked, id=23296, stack(0x000000eeb6600000,0x000000eeb6700000) (1024K)]
  0x0000027e218b1930 JavaThread "Provisioning Event Dispatcher" daemon [_thread_blocked, id=22960, stack(0x000000eeb6800000,0x000000eeb6900000) (1024K)]
  0x0000027e27146850 JavaThread "Thread-9"                          [_thread_blocked, id=4976, stack(0x000000eeb2500000,0x000000eeb2600000) (1024K)]
  0x0000027e27146ee0 JavaThread "logback-2"                  daemon [_thread_blocked, id=6692, stack(0x000000eeb1100000,0x000000eeb1200000) (1024K)]
  0x0000027e27395980 JavaThread "tm4e.TokenizerThread"       daemon [_thread_blocked, id=19764, stack(0x000000eeb4e00000,0x000000eeb4f00000) (1024K)]
  0x0000027e27397a50 JavaThread "org.eclipse.jface.text.codemining.CodeMiningReconciler" daemon [_thread_blocked, id=4852, stack(0x000000eeb5900000,0x000000eeb5a00000) (1024K)]
  0x0000027e273980e0 JavaThread "org.eclipse.ui.internal.genericeditor.DefaultWordHighlightReconciler" daemon [_thread_blocked, id=14848, stack(0x000000eeb5d00000,0x000000eeb5e00000) (1024K)]
  0x0000027e27396010 JavaThread "org.eclipse.jface.text.reconciler.Reconciler" daemon [_thread_blocked, id=23896, stack(0x000000eeb6700000,0x000000eeb6800000) (1024K)]
  0x0000027e36d508a0 JavaThread "logback-3"                  daemon [_thread_blocked, id=17256, stack(0x000000eeb1200000,0x000000eeb1300000) (1024K)]
Total: 65

Other Threads:
  0x0000027dd780f3c0 VMThread "VM Thread"                           [id=9608, stack(0x000000eeb1a00000,0x000000eeb1b00000) (1024K)]
  0x0000027dda181640 WatcherThread "VM Periodic Task Thread"        [id=21308, stack(0x000000eeb1900000,0x000000eeb1a00000) (1024K)]
  0x0000027dc23b7190 WorkerThread "GC Thread#0"                     [id=2136, stack(0x000000eeb1400000,0x000000eeb1500000) (1024K)]
  0x0000027dda9e8bd0 WorkerThread "GC Thread#1"                     [id=21352, stack(0x000000eeb2800000,0x000000eeb2900000) (1024K)]
  0x0000027dda77f5d0 WorkerThread "GC Thread#2"                     [id=12776, stack(0x000000eeb2900000,0x000000eeb2a00000) (1024K)]
  0x0000027dda77f970 WorkerThread "GC Thread#3"                     [id=6296, stack(0x000000eeb2a00000,0x000000eeb2b00000) (1024K)]
  0x0000027dda77fd10 WorkerThread "GC Thread#4"                     [id=17800, stack(0x000000eeb2b00000,0x000000eeb2c00000) (1024K)]
  0x0000027e201dd5d0 WorkerThread "GC Thread#5"                     [id=13108, stack(0x000000eeb2c00000,0x000000eeb2d00000) (1024K)]
  0x0000027e201dd970 WorkerThread "GC Thread#6"                     [id=3780, stack(0x000000eeb2d00000,0x000000eeb2e00000) (1024K)]
  0x0000027e201de120 WorkerThread "GC Thread#7"                     [id=24712, stack(0x000000eeb2e00000,0x000000eeb2f00000) (1024K)]
  0x0000027dd767b980 ConcurrentGCThread "G1 Main Marker"            [id=16932, stack(0x000000eeb1500000,0x000000eeb1600000) (1024K)]
  0x0000027dc23bd440 WorkerThread "G1 Conc#0"                       [id=7812, stack(0x000000eeb1600000,0x000000eeb1700000) (1024K)]
  0x0000027e22033a70 WorkerThread "G1 Conc#1"                       [id=13416, stack(0x000000eeb3b00000,0x000000eeb3c00000) (1024K)]
  0x0000027dd774ebf0 ConcurrentGCThread "G1 Refine#0"               [id=5128, stack(0x000000eeb1700000,0x000000eeb1800000) (1024K)]
  0x0000027dd7751510 ConcurrentGCThread "G1 Service"                [id=3516, stack(0x000000eeb1800000,0x000000eeb1900000) (1024K)]
Total: 15

Threads with active compile tasks:
Total: 0

VM state: not at safepoint (normal execution)

VM Mutex/Monitor currently owned by a thread: None

Heap address: 0x0000000084c00000, size: 1972 MB, Compressed Oops mode: 32-bit

CDS archive(s) mapped at: [0x0000027ddb000000-0x0000027ddbc80000-0x0000027ddbc80000), size 13107200, SharedBaseAddress: 0x0000027ddb000000, ArchiveRelocationMode: 1.
Compressed class space mapped at: 0x0000027ddc000000-0x0000027e1c000000, reserved size: 1073741824
Narrow klass base: 0x0000027ddb000000, Narrow klass shift: 0, Narrow klass range: 0x100000000

GC Precious Log:
 CardTable entry size: 512
 Card Set container configuration: InlinePtr #cards 5 size 8 Array Of Cards #cards 12 size 40 Howl #buckets 4 coarsen threshold 1843 Howl Bitmap #cards 512 size 80 coarsen threshold 460 Card regions per heap region 1 cards per card region 2048
 CPUs: 8 total, 8 available
 Memory: 7886M
 Large Page Support: Disabled
 NUMA Support: Disabled
 Compressed Oops: Enabled (32-bit)
 Heap Region Size: 1M
 Heap Min Capacity: 8M
 Heap Initial Capacity: 124M
 Heap Max Capacity: 1972M
 Pre-touch: Disabled
 Parallel Workers: 8
 Concurrent Workers: 2
 Concurrent Refinement Workers: 8
 Periodic GC: Disabled
 String Deduplication is enabled

Heap:
 garbage-first heap   total 495616K, used 278808K [0x0000000084c00000, 0x0000000100000000)
  region size 1024K, 129 young (132096K), 24 survivors (24576K)
 Metaspace       used 135882K, committed 139200K, reserved 1179648K
  class space    used 16454K, committed 17792K, reserved 1048576K

Heap Regions: E=young(eden), S=young(survivor), O=old, HS=humongous(starts), HC=humongous(continues), CS=collection set, F=free, TAMS=top-at-mark-start, PB=parsable bottom
|   0|0x0000000084c00000, 0x0000000084d00000, 0x0000000084d00000|100%| O|  |TAMS 0x0000000084c00000| PB 0x0000000084c00000| Untracked 
|   1|0x0000000084d00000, 0x0000000084e00000, 0x0000000084e00000|100%| O|  |TAMS 0x0000000084d00000| PB 0x0000000084d00000| Untracked 
|   2|0x0000000084e00000, 0x0000000084f00000, 0x0000000084f00000|100%| O|  |TAMS 0x0000000084e00000| PB 0x0000000084e00000| Untracked 
|   3|0x0000000084f00000, 0x0000000085000000, 0x0000000085000000|100%| O|  |TAMS 0x0000000084f00000| PB 0x0000000084f00000| Untracked 
|   4|0x0000000085000000, 0x0000000085100000, 0x0000000085100000|100%| O|  |TAMS 0x0000000085000000| PB 0x0000000085000000| Untracked 
|   5|0x0000000085100000, 0x0000000085200000, 0x0000000085200000|100%| O|  |TAMS 0x0000000085100000| PB 0x0000000085100000| Untracked 
|   6|0x0000000085200000, 0x0000000085300000, 0x0000000085300000|100%| O|  |TAMS 0x0000000085200000| PB 0x0000000085200000| Untracked 
|   7|0x0000000085300000, 0x0000000085400000, 0x0000000085400000|100%| O|  |TAMS 0x0000000085300000| PB 0x0000000085300000| Untracked 
|   8|0x0000000085400000, 0x0000000085500000, 0x0000000085500000|100%| O|  |TAMS 0x0000000085400000| PB 0x0000000085400000| Untracked 
|   9|0x0000000085500000, 0x0000000085600000, 0x0000000085600000|100%| O|  |TAMS 0x0000000085500000| PB 0x0000000085500000| Untracked 
|  10|0x0000000085600000, 0x0000000085700000, 0x0000000085700000|100%| O|  |TAMS 0x0000000085600000| PB 0x0000000085600000| Untracked 
|  11|0x0000000085700000, 0x0000000085800000, 0x0000000085800000|100%| O|  |TAMS 0x0000000085700000| PB 0x0000000085700000| Untracked 
|  12|0x0000000085800000, 0x0000000085900000, 0x0000000085900000|100%| O|  |TAMS 0x0000000085800000| PB 0x0000000085800000| Untracked 
|  13|0x0000000085900000, 0x0000000085a00000, 0x0000000085a00000|100%| O|  |TAMS 0x0000000085900000| PB 0x0000000085900000| Untracked 
|  14|0x0000000085a00000, 0x0000000085b00000, 0x0000000085b00000|100%| O|  |TAMS 0x0000000085a00000| PB 0x0000000085a00000| Untracked 
|  15|0x0000000085b00000, 0x0000000085c00000, 0x0000000085c00000|100%| O|  |TAMS 0x0000000085b00000| PB 0x0000000085b00000| Untracked 
|  16|0x0000000085c00000, 0x0000000085d00000, 0x0000000085d00000|100%| O|  |TAMS 0x0000000085c00000| PB 0x0000000085c00000| Untracked 
|  17|0x0000000085d00000, 0x0000000085e00000, 0x0000000085e00000|100%| O|  |TAMS 0x0000000085d00000| PB 0x0000000085d00000| Untracked 
|  18|0x0000000085e00000, 0x0000000085f00000, 0x0000000085f00000|100%| O|  |TAMS 0x0000000085e00000| PB 0x0000000085e00000| Untracked 
|  19|0x0000000085f00000, 0x0000000085f00000, 0x0000000086000000|  0%| F|  |TAMS 0x0000000085f00000| PB 0x0000000085f00000| Untracked 
|  20|0x0000000086000000, 0x0000000086100000, 0x0000000086100000|100%| O|  |TAMS 0x0000000086000000| PB 0x0000000086000000| Untracked 
|  21|0x0000000086100000, 0x0000000086200000, 0x0000000086200000|100%|HS|  |TAMS 0x0000000086100000| PB 0x0000000086100000| Complete 
|  22|0x0000000086200000, 0x0000000086300000, 0x0000000086300000|100%| O|  |TAMS 0x0000000086200000| PB 0x0000000086200000| Untracked 
|  23|0x0000000086300000, 0x0000000086400000, 0x0000000086400000|100%|HS|  |TAMS 0x0000000086300000| PB 0x0000000086300000| Complete 
|  24|0x0000000086400000, 0x0000000086500000, 0x0000000086500000|100%| O|  |TAMS 0x0000000086400000| PB 0x0000000086400000| Untracked 
|  25|0x0000000086500000, 0x0000000086600000, 0x0000000086600000|100%| O|  |TAMS 0x0000000086500000| PB 0x0000000086500000| Untracked 
|  26|0x0000000086600000, 0x0000000086700000, 0x0000000086700000|100%| O|  |TAMS 0x0000000086600000| PB 0x0000000086600000| Untracked 
|  27|0x0000000086700000, 0x0000000086800000, 0x0000000086800000|100%| O|Cm|TAMS 0x0000000086700000| PB 0x0000000086700000| Complete 
|  28|0x0000000086800000, 0x0000000086900000, 0x0000000086900000|100%| O|Cm|TAMS 0x0000000086800000| PB 0x0000000086800000| Complete 
|  29|0x0000000086900000, 0x0000000086900000, 0x0000000086a00000|  0%| F|  |TAMS 0x0000000086900000| PB 0x0000000086900000| Untracked 
|  30|0x0000000086a00000, 0x0000000086b00000, 0x0000000086b00000|100%| O|  |TAMS 0x0000000086a00000| PB 0x0000000086a00000| Untracked 
|  31|0x0000000086b00000, 0x0000000086b00000, 0x0000000086c00000|  0%| F|  |TAMS 0x0000000086b00000| PB 0x0000000086b00000| Untracked 
|  32|0x0000000086c00000, 0x0000000086c00000, 0x0000000086d00000|  0%| F|  |TAMS 0x0000000086c00000| PB 0x0000000086c00000| Untracked 
|  33|0x0000000086d00000, 0x0000000086e00000, 0x0000000086e00000|100%| O|  |TAMS 0x0000000086d00000| PB 0x0000000086d00000| Untracked 
|  34|0x0000000086e00000, 0x0000000086e00000, 0x0000000086f00000|  0%| F|  |TAMS 0x0000000086e00000| PB 0x0000000086e00000| Untracked 
|  35|0x0000000086f00000, 0x0000000087000000, 0x0000000087000000|100%| O|  |TAMS 0x0000000086f00000| PB 0x0000000086f00000| Untracked 
|  36|0x0000000087000000, 0x0000000087100000, 0x0000000087100000|100%| O|  |TAMS 0x0000000087000000| PB 0x0000000087000000| Untracked 
|  37|0x0000000087100000, 0x0000000087100000, 0x0000000087200000|  0%| F|  |TAMS 0x0000000087100000| PB 0x0000000087100000| Untracked 
|  38|0x0000000087200000, 0x0000000087200000, 0x0000000087300000|  0%| F|  |TAMS 0x0000000087200000| PB 0x0000000087200000| Untracked 
|  39|0x0000000087300000, 0x0000000087300000, 0x0000000087400000|  0%| F|  |TAMS 0x0000000087300000| PB 0x0000000087300000| Untracked 
|  40|0x0000000087400000, 0x0000000087500000, 0x0000000087500000|100%| O|  |TAMS 0x0000000087400000| PB 0x0000000087400000| Untracked 
|  41|0x0000000087500000, 0x0000000087600000, 0x0000000087600000|100%| O|  |TAMS 0x0000000087500000| PB 0x0000000087500000| Untracked 
|  42|0x0000000087600000, 0x0000000087700000, 0x0000000087700000|100%| O|  |TAMS 0x0000000087600000| PB 0x0000000087600000| Untracked 
|  43|0x0000000087700000, 0x0000000087800000, 0x0000000087800000|100%| O|  |TAMS 0x0000000087700000| PB 0x0000000087700000| Untracked 
|  44|0x0000000087800000, 0x0000000087900000, 0x0000000087900000|100%| O|  |TAMS 0x0000000087800000| PB 0x0000000087800000| Untracked 
|  45|0x0000000087900000, 0x0000000087a00000, 0x0000000087a00000|100%| O|  |TAMS 0x0000000087900000| PB 0x0000000087900000| Untracked 
|  46|0x0000000087a00000, 0x0000000087b00000, 0x0000000087b00000|100%| O|  |TAMS 0x0000000087a00000| PB 0x0000000087a00000| Untracked 
|  47|0x0000000087b00000, 0x0000000087c00000, 0x0000000087c00000|100%| O|  |TAMS 0x0000000087b00000| PB 0x0000000087b00000| Untracked 
|  48|0x0000000087c00000, 0x0000000087d00000, 0x0000000087d00000|100%| O|  |TAMS 0x0000000087c00000| PB 0x0000000087c00000| Untracked 
|  49|0x0000000087d00000, 0x0000000087e00000, 0x0000000087e00000|100%| O|  |TAMS 0x0000000087d00000| PB 0x0000000087d00000| Untracked 
|  50|0x0000000087e00000, 0x0000000087f00000, 0x0000000087f00000|100%| O|  |TAMS 0x0000000087e00000| PB 0x0000000087e00000| Untracked 
|  51|0x0000000087f00000, 0x0000000088000000, 0x0000000088000000|100%| O|  |TAMS 0x0000000087f00000| PB 0x0000000087f00000| Untracked 
|  52|0x0000000088000000, 0x0000000088100000, 0x0000000088100000|100%| O|  |TAMS 0x0000000088000000| PB 0x0000000088000000| Untracked 
|  53|0x0000000088100000, 0x0000000088200000, 0x0000000088200000|100%| O|  |TAMS 0x0000000088100000| PB 0x0000000088100000| Untracked 
|  54|0x0000000088200000, 0x0000000088300000, 0x0000000088300000|100%| O|  |TAMS 0x0000000088200000| PB 0x0000000088200000| Untracked 
|  55|0x0000000088300000, 0x0000000088400000, 0x0000000088400000|100%| O|  |TAMS 0x0000000088300000| PB 0x0000000088300000| Untracked 
|  56|0x0000000088400000, 0x0000000088500000, 0x0000000088500000|100%| O|  |TAMS 0x0000000088400000| PB 0x0000000088400000| Untracked 
|  57|0x0000000088500000, 0x0000000088600000, 0x0000000088600000|100%| O|  |TAMS 0x0000000088500000| PB 0x0000000088500000| Untracked 
|  58|0x0000000088600000, 0x0000000088700000, 0x0000000088700000|100%| O|  |TAMS 0x0000000088600000| PB 0x0000000088600000| Untracked 
|  59|0x0000000088700000, 0x0000000088800000, 0x0000000088800000|100%| O|  |TAMS 0x0000000088700000| PB 0x0000000088700000| Untracked 
|  60|0x0000000088800000, 0x0000000088900000, 0x0000000088900000|100%| O|  |TAMS 0x0000000088800000| PB 0x0000000088800000| Untracked 
|  61|0x0000000088900000, 0x0000000088900000, 0x0000000088a00000|  0%| F|  |TAMS 0x0000000088900000| PB 0x0000000088900000| Untracked 
|  62|0x0000000088a00000, 0x0000000088b00000, 0x0000000088b00000|100%| O|  |TAMS 0x0000000088a00000| PB 0x0000000088a00000| Untracked 
|  63|0x0000000088b00000, 0x0000000088b00000, 0x0000000088c00000|  0%| F|  |TAMS 0x0000000088b00000| PB 0x0000000088b00000| Untracked 
|  64|0x0000000088c00000, 0x0000000088d00000, 0x0000000088d00000|100%| O|  |TAMS 0x0000000088c00000| PB 0x0000000088c00000| Untracked 
|  65|0x0000000088d00000, 0x0000000088e00000, 0x0000000088e00000|100%| O|  |TAMS 0x0000000088d00000| PB 0x0000000088d00000| Untracked 
|  66|0x0000000088e00000, 0x0000000088f00000, 0x0000000088f00000|100%| O|  |TAMS 0x0000000088e00000| PB 0x0000000088e00000| Untracked 
|  67|0x0000000088f00000, 0x0000000089000000, 0x0000000089000000|100%| O|  |TAMS 0x0000000088f00000| PB 0x0000000088f00000| Untracked 
|  68|0x0000000089000000, 0x0000000089100000, 0x0000000089100000|100%| O|  |TAMS 0x0000000089000000| PB 0x0000000089000000| Untracked 
|  69|0x0000000089100000, 0x0000000089200000, 0x0000000089200000|100%| O|  |TAMS 0x0000000089100000| PB 0x0000000089100000| Untracked 
|  70|0x0000000089200000, 0x0000000089300000, 0x0000000089300000|100%| O|  |TAMS 0x0000000089200000| PB 0x0000000089200000| Untracked 
|  71|0x0000000089300000, 0x0000000089300000, 0x0000000089400000|  0%| F|  |TAMS 0x0000000089300000| PB 0x0000000089300000| Untracked 
|  72|0x0000000089400000, 0x0000000089500000, 0x0000000089500000|100%| O|  |TAMS 0x0000000089400000| PB 0x0000000089400000| Untracked 
|  73|0x0000000089500000, 0x0000000089600000, 0x0000000089600000|100%| O|  |TAMS 0x0000000089500000| PB 0x0000000089500000| Untracked 
|  74|0x0000000089600000, 0x0000000089700000, 0x0000000089700000|100%| O|  |TAMS 0x0000000089600000| PB 0x0000000089600000| Untracked 
|  75|0x0000000089700000, 0x0000000089800000, 0x0000000089800000|100%| O|  |TAMS 0x0000000089700000| PB 0x0000000089700000| Untracked 
|  76|0x0000000089800000, 0x0000000089900000, 0x0000000089900000|100%| O|  |TAMS 0x0000000089800000| PB 0x0000000089800000| Untracked 
|  77|0x0000000089900000, 0x0000000089a00000, 0x0000000089a00000|100%| O|  |TAMS 0x0000000089900000| PB 0x0000000089900000| Untracked 
|  78|0x0000000089a00000, 0x0000000089b00000, 0x0000000089b00000|100%| O|  |TAMS 0x0000000089a00000| PB 0x0000000089a00000| Untracked 
|  79|0x0000000089b00000, 0x0000000089c00000, 0x0000000089c00000|100%| O|  |TAMS 0x0000000089b00000| PB 0x0000000089b00000| Untracked 
|  80|0x0000000089c00000, 0x0000000089d00000, 0x0000000089d00000|100%| O|  |TAMS 0x0000000089c00000| PB 0x0000000089c00000| Untracked 
|  81|0x0000000089d00000, 0x0000000089e00000, 0x0000000089e00000|100%| O|  |TAMS 0x0000000089d00000| PB 0x0000000089d00000| Untracked 
|  82|0x0000000089e00000, 0x0000000089e00000, 0x0000000089f00000|  0%| F|  |TAMS 0x0000000089e00000| PB 0x0000000089e00000| Untracked 
|  83|0x0000000089f00000, 0x0000000089f00000, 0x000000008a000000|  0%| F|  |TAMS 0x0000000089f00000| PB 0x0000000089f00000| Untracked 
|  84|0x000000008a000000, 0x000000008a100000, 0x000000008a100000|100%| O|  |TAMS 0x000000008a000000| PB 0x000000008a000000| Untracked 
|  85|0x000000008a100000, 0x000000008a100000, 0x000000008a200000|  0%| F|  |TAMS 0x000000008a100000| PB 0x000000008a100000| Untracked 
|  86|0x000000008a200000, 0x000000008a200000, 0x000000008a300000|  0%| F|  |TAMS 0x000000008a200000| PB 0x000000008a200000| Untracked 
|  87|0x000000008a300000, 0x000000008a400000, 0x000000008a400000|100%| O|  |TAMS 0x000000008a300000| PB 0x000000008a300000| Untracked 
|  88|0x000000008a400000, 0x000000008a500000, 0x000000008a500000|100%| O|  |TAMS 0x000000008a400000| PB 0x000000008a400000| Untracked 
|  89|0x000000008a500000, 0x000000008a500000, 0x000000008a600000|  0%| F|  |TAMS 0x000000008a500000| PB 0x000000008a500000| Untracked 
|  90|0x000000008a600000, 0x000000008a700000, 0x000000008a700000|100%| O|  |TAMS 0x000000008a600000| PB 0x000000008a600000| Untracked 
|  91|0x000000008a700000, 0x000000008a800000, 0x000000008a800000|100%| O|  |TAMS 0x000000008a700000| PB 0x000000008a700000| Untracked 
|  92|0x000000008a800000, 0x000000008a900000, 0x000000008a900000|100%| O|  |TAMS 0x000000008a800000| PB 0x000000008a800000| Untracked 
|  93|0x000000008a900000, 0x000000008aa00000, 0x000000008aa00000|100%| O|  |TAMS 0x000000008a900000| PB 0x000000008a900000| Untracked 
|  94|0x000000008aa00000, 0x000000008aa00000, 0x000000008ab00000|  0%| F|  |TAMS 0x000000008aa00000| PB 0x000000008aa00000| Untracked 
|  95|0x000000008ab00000, 0x000000008ab00000, 0x000000008ac00000|  0%| F|  |TAMS 0x000000008ab00000| PB 0x000000008ab00000| Untracked 
|  96|0x000000008ac00000, 0x000000008ad00000, 0x000000008ad00000|100%| O|  |TAMS 0x000000008ac00000| PB 0x000000008ac00000| Untracked 
|  97|0x000000008ad00000, 0x000000008ae00000, 0x000000008ae00000|100%| O|  |TAMS 0x000000008ad00000| PB 0x000000008ad00000| Untracked 
|  98|0x000000008ae00000, 0x000000008ae00000, 0x000000008af00000|  0%| F|  |TAMS 0x000000008ae00000| PB 0x000000008ae00000| Untracked 
|  99|0x000000008af00000, 0x000000008af00000, 0x000000008b000000|  0%| F|  |TAMS 0x000000008af00000| PB 0x000000008af00000| Untracked 
| 100|0x000000008b000000, 0x000000008b000000, 0x000000008b100000|  0%| F|  |TAMS 0x000000008b000000| PB 0x000000008b000000| Untracked 
| 101|0x000000008b100000, 0x000000008b100000, 0x000000008b200000|  0%| F|  |TAMS 0x000000008b100000| PB 0x000000008b100000| Untracked 
| 102|0x000000008b200000, 0x000000008b300000, 0x000000008b300000|100%| O|  |TAMS 0x000000008b200000| PB 0x000000008b200000| Untracked 
| 103|0x000000008b300000, 0x000000008b400000, 0x000000008b400000|100%| O|Cm|TAMS 0x000000008b300000| PB 0x000000008b300000| Complete 
| 104|0x000000008b400000, 0x000000008b500000, 0x000000008b500000|100%| O|  |TAMS 0x000000008b400000| PB 0x000000008b400000| Untracked 
| 105|0x000000008b500000, 0x000000008b546100, 0x000000008b600000| 27%| S|CS|TAMS 0x000000008b500000| PB 0x000000008b500000| Complete 
| 106|0x000000008b600000, 0x000000008b700000, 0x000000008b700000|100%| O|  |TAMS 0x000000008b600000| PB 0x000000008b600000| Untracked 
| 107|0x000000008b700000, 0x000000008b800000, 0x000000008b800000|100%| S|CS|TAMS 0x000000008b700000| PB 0x000000008b700000| Complete 
| 108|0x000000008b800000, 0x000000008b900000, 0x000000008b900000|100%| O|  |TAMS 0x000000008b800000| PB 0x000000008b800000| Untracked 
| 109|0x000000008b900000, 0x000000008ba00000, 0x000000008ba00000|100%| S|CS|TAMS 0x000000008b900000| PB 0x000000008b900000| Complete 
| 110|0x000000008ba00000, 0x000000008bb00000, 0x000000008bb00000|100%| O|  |TAMS 0x000000008ba00000| PB 0x000000008ba00000| Untracked 
| 111|0x000000008bb00000, 0x000000008bc00000, 0x000000008bc00000|100%| S|CS|TAMS 0x000000008bb00000| PB 0x000000008bb00000| Complete 
| 112|0x000000008bc00000, 0x000000008bd00000, 0x000000008bd00000|100%| S|CS|TAMS 0x000000008bc00000| PB 0x000000008bc00000| Complete 
| 113|0x000000008bd00000, 0x000000008be00000, 0x000000008be00000|100%| S|CS|TAMS 0x000000008bd00000| PB 0x000000008bd00000| Complete 
| 114|0x000000008be00000, 0x000000008bf00000, 0x000000008bf00000|100%| S|CS|TAMS 0x000000008be00000| PB 0x000000008be00000| Complete 
| 115|0x000000008bf00000, 0x000000008c000000, 0x000000008c000000|100%| O|  |TAMS 0x000000008bf00000| PB 0x000000008bf00000| Untracked 
| 116|0x000000008c000000, 0x000000008c100000, 0x000000008c100000|100%| O|  |TAMS 0x000000008c000000| PB 0x000000008c000000| Untracked 
| 117|0x000000008c100000, 0x000000008c200000, 0x000000008c200000|100%| O|  |TAMS 0x000000008c100000| PB 0x000000008c100000| Untracked 
| 118|0x000000008c200000, 0x000000008c300000, 0x000000008c300000|100%| O|Cm|TAMS 0x000000008c200000| PB 0x000000008c200000| Complete 
| 119|0x000000008c300000, 0x000000008c400000, 0x000000008c400000|100%| S|CS|TAMS 0x000000008c300000| PB 0x000000008c300000| Complete 
| 120|0x000000008c400000, 0x000000008c500000, 0x000000008c500000|100%| O|  |TAMS 0x000000008c400000| PB 0x000000008c400000| Untracked 
| 121|0x000000008c500000, 0x000000008c600000, 0x000000008c600000|100%| O|  |TAMS 0x000000008c500000| PB 0x000000008c500000| Untracked 
| 122|0x000000008c600000, 0x000000008c700000, 0x000000008c700000|100%| S|CS|TAMS 0x000000008c600000| PB 0x000000008c600000| Complete 
| 123|0x000000008c700000, 0x000000008c800000, 0x000000008c800000|100%| O|  |TAMS 0x000000008c700000| PB 0x000000008c700000| Untracked 
| 124|0x000000008c800000, 0x000000008c900000, 0x000000008c900000|100%| O|  |TAMS 0x000000008c800000| PB 0x000000008c800000| Untracked 
| 125|0x000000008c900000, 0x000000008ca00000, 0x000000008ca00000|100%| O|  |TAMS 0x000000008c900000| PB 0x000000008c900000| Untracked 
| 126|0x000000008ca00000, 0x000000008cb00000, 0x000000008cb00000|100%| O|  |TAMS 0x000000008ca00000| PB 0x000000008ca00000| Untracked 
| 127|0x000000008cb00000, 0x000000008cc00000, 0x000000008cc00000|100%| S|CS|TAMS 0x000000008cb00000| PB 0x000000008cb00000| Complete 
| 128|0x000000008cc00000, 0x000000008cd00000, 0x000000008cd00000|100%| O|  |TAMS 0x000000008cc00000| PB 0x000000008cc00000| Untracked 
| 129|0x000000008cd00000, 0x000000008ce00000, 0x000000008ce00000|100%| S|CS|TAMS 0x000000008cd00000| PB 0x000000008cd00000| Complete 
| 130|0x000000008ce00000, 0x000000008cf00000, 0x000000008cf00000|100%| O|  |TAMS 0x000000008ce00000| PB 0x000000008ce00000| Untracked 
| 131|0x000000008cf00000, 0x000000008d000000, 0x000000008d000000|100%| O|  |TAMS 0x000000008cf00000| PB 0x000000008cf00000| Untracked 
| 132|0x000000008d000000, 0x000000008d100000, 0x000000008d100000|100%| O|  |TAMS 0x000000008d000000| PB 0x000000008d000000| Untracked 
| 133|0x000000008d100000, 0x000000008d200000, 0x000000008d200000|100%| O|  |TAMS 0x000000008d100000| PB 0x000000008d100000| Untracked 
| 134|0x000000008d200000, 0x000000008d300000, 0x000000008d300000|100%| O|  |TAMS 0x000000008d200000| PB 0x000000008d200000| Untracked 
| 135|0x000000008d300000, 0x000000008d400000, 0x000000008d400000|100%| O|  |TAMS 0x000000008d300000| PB 0x000000008d300000| Untracked 
| 136|0x000000008d400000, 0x000000008d500000, 0x000000008d500000|100%| O|  |TAMS 0x000000008d400000| PB 0x000000008d400000| Untracked 
| 137|0x000000008d500000, 0x000000008d600000, 0x000000008d600000|100%| O|  |TAMS 0x000000008d500000| PB 0x000000008d500000| Untracked 
| 138|0x000000008d600000, 0x000000008d700000, 0x000000008d700000|100%| O|  |TAMS 0x000000008d600000| PB 0x000000008d600000| Untracked 
| 139|0x000000008d700000, 0x000000008d800000, 0x000000008d800000|100%| O|  |TAMS 0x000000008d700000| PB 0x000000008d700000| Untracked 
| 140|0x000000008d800000, 0x000000008d900000, 0x000000008d900000|100%| O|  |TAMS 0x000000008d800000| PB 0x000000008d800000| Untracked 
| 141|0x000000008d900000, 0x000000008da00000, 0x000000008da00000|100%| O|  |TAMS 0x000000008d900000| PB 0x000000008d900000| Untracked 
| 142|0x000000008da00000, 0x000000008db00000, 0x000000008db00000|100%| O|  |TAMS 0x000000008da00000| PB 0x000000008da00000| Untracked 
| 143|0x000000008db00000, 0x000000008dc00000, 0x000000008dc00000|100%| S|CS|TAMS 0x000000008db00000| PB 0x000000008db00000| Complete 
| 144|0x000000008dc00000, 0x000000008dd00000, 0x000000008dd00000|100%| S|CS|TAMS 0x000000008dc00000| PB 0x000000008dc00000| Complete 
| 145|0x000000008dd00000, 0x000000008de00000, 0x000000008de00000|100%| S|CS|TAMS 0x000000008dd00000| PB 0x000000008dd00000| Complete 
| 146|0x000000008de00000, 0x000000008df00000, 0x000000008df00000|100%| O|  |TAMS 0x000000008de00000| PB 0x000000008de00000| Untracked 
| 147|0x000000008df00000, 0x000000008e000000, 0x000000008e000000|100%| S|CS|TAMS 0x000000008df00000| PB 0x000000008df00000| Complete 
| 148|0x000000008e000000, 0x000000008e000000, 0x000000008e100000|  0%| F|  |TAMS 0x000000008e000000| PB 0x000000008e000000| Untracked 
| 149|0x000000008e100000, 0x000000008e200000, 0x000000008e200000|100%|HS|  |TAMS 0x000000008e100000| PB 0x000000008e100000| Complete 
| 150|0x000000008e200000, 0x000000008e200000, 0x000000008e300000|  0%| F|  |TAMS 0x000000008e200000| PB 0x000000008e200000| Untracked 
| 151|0x000000008e300000, 0x000000008e400000, 0x000000008e400000|100%| S|CS|TAMS 0x000000008e300000| PB 0x000000008e300000| Complete 
| 152|0x000000008e400000, 0x000000008e500000, 0x000000008e500000|100%| S|CS|TAMS 0x000000008e400000| PB 0x000000008e400000| Complete 
| 153|0x000000008e500000, 0x000000008e600000, 0x000000008e600000|100%| S|CS|TAMS 0x000000008e500000| PB 0x000000008e500000| Complete 
| 154|0x000000008e600000, 0x000000008e700000, 0x000000008e700000|100%| S|CS|TAMS 0x000000008e600000| PB 0x000000008e600000| Complete 
| 155|0x000000008e700000, 0x000000008e800000, 0x000000008e800000|100%| S|CS|TAMS 0x000000008e700000| PB 0x000000008e700000| Complete 
| 156|0x000000008e800000, 0x000000008e900000, 0x000000008e900000|100%| S|CS|TAMS 0x000000008e800000| PB 0x000000008e800000| Complete 
| 157|0x000000008e900000, 0x000000008ea00000, 0x000000008ea00000|100%| O|  |TAMS 0x000000008e900000| PB 0x000000008e900000| Untracked 
| 158|0x000000008ea00000, 0x000000008eb00000, 0x000000008eb00000|100%| S|CS|TAMS 0x000000008ea00000| PB 0x000000008ea00000| Complete 
| 159|0x000000008eb00000, 0x000000008ec00000, 0x000000008ec00000|100%| S|CS|TAMS 0x000000008eb00000| PB 0x000000008eb00000| Complete 
| 160|0x000000008ec00000, 0x000000008ed00000, 0x000000008ed00000|100%| S|CS|TAMS 0x000000008ec00000| PB 0x000000008ec00000| Complete 
| 161|0x000000008ed00000, 0x000000008ed00000, 0x000000008ee00000|  0%| F|  |TAMS 0x000000008ed00000| PB 0x000000008ed00000| Untracked 
| 162|0x000000008ee00000, 0x000000008ee00000, 0x000000008ef00000|  0%| F|  |TAMS 0x000000008ee00000| PB 0x000000008ee00000| Untracked 
| 163|0x000000008ef00000, 0x000000008ef00000, 0x000000008f000000|  0%| F|  |TAMS 0x000000008ef00000| PB 0x000000008ef00000| Untracked 
| 164|0x000000008f000000, 0x000000008f000000, 0x000000008f100000|  0%| F|  |TAMS 0x000000008f000000| PB 0x000000008f000000| Untracked 
| 165|0x000000008f100000, 0x000000008f100000, 0x000000008f200000|  0%| F|  |TAMS 0x000000008f100000| PB 0x000000008f100000| Untracked 
| 166|0x000000008f200000, 0x000000008f200000, 0x000000008f300000|  0%| F|  |TAMS 0x000000008f200000| PB 0x000000008f200000| Untracked 
| 167|0x000000008f300000, 0x000000008f400000, 0x000000008f400000|100%| O|  |TAMS 0x000000008f300000| PB 0x000000008f300000| Untracked 
| 168|0x000000008f400000, 0x000000008f500000, 0x000000008f500000|100%| O|  |TAMS 0x000000008f400000| PB 0x000000008f400000| Untracked 
| 169|0x000000008f500000, 0x000000008f500000, 0x000000008f600000|  0%| F|  |TAMS 0x000000008f500000| PB 0x000000008f500000| Untracked 
| 170|0x000000008f600000, 0x000000008f600000, 0x000000008f700000|  0%| F|  |TAMS 0x000000008f600000| PB 0x000000008f600000| Untracked 
| 171|0x000000008f700000, 0x000000008f800000, 0x000000008f800000|100%| O|  |TAMS 0x000000008f700000| PB 0x000000008f700000| Untracked 
| 172|0x000000008f800000, 0x000000008f900000, 0x000000008f900000|100%| O|  |TAMS 0x000000008f800000| PB 0x000000008f800000| Untracked 
| 173|0x000000008f900000, 0x000000008f900000, 0x000000008fa00000|  0%| F|  |TAMS 0x000000008f900000| PB 0x000000008f900000| Untracked 
| 174|0x000000008fa00000, 0x000000008fa00000, 0x000000008fb00000|  0%| F|  |TAMS 0x000000008fa00000| PB 0x000000008fa00000| Untracked 
| 175|0x000000008fb00000, 0x000000008fb00000, 0x000000008fc00000|  0%| F|  |TAMS 0x000000008fb00000| PB 0x000000008fb00000| Untracked 
| 176|0x000000008fc00000, 0x000000008fc00000, 0x000000008fd00000|  0%| F|  |TAMS 0x000000008fc00000| PB 0x000000008fc00000| Untracked 
| 177|0x000000008fd00000, 0x000000008fd00000, 0x000000008fe00000|  0%| F|  |TAMS 0x000000008fd00000| PB 0x000000008fd00000| Untracked 
| 178|0x000000008fe00000, 0x000000008fe00000, 0x000000008ff00000|  0%| F|  |TAMS 0x000000008fe00000| PB 0x000000008fe00000| Untracked 
| 179|0x000000008ff00000, 0x000000008ff00000, 0x0000000090000000|  0%| F|  |TAMS 0x000000008ff00000| PB 0x000000008ff00000| Untracked 
| 180|0x0000000090000000, 0x0000000090000000, 0x0000000090100000|  0%| F|  |TAMS 0x0000000090000000| PB 0x0000000090000000| Untracked 
| 181|0x0000000090100000, 0x0000000090100000, 0x0000000090200000|  0%| F|  |TAMS 0x0000000090100000| PB 0x0000000090100000| Untracked 
| 182|0x0000000090200000, 0x0000000090200000, 0x0000000090300000|  0%| F|  |TAMS 0x0000000090200000| PB 0x0000000090200000| Untracked 
| 183|0x0000000090300000, 0x0000000090300000, 0x0000000090400000|  0%| F|  |TAMS 0x0000000090300000| PB 0x0000000090300000| Untracked 
| 184|0x0000000090400000, 0x0000000090400000, 0x0000000090500000|  0%| F|  |TAMS 0x0000000090400000| PB 0x0000000090400000| Untracked 
| 185|0x0000000090500000, 0x0000000090500000, 0x0000000090600000|  0%| F|  |TAMS 0x0000000090500000| PB 0x0000000090500000| Untracked 
| 186|0x0000000090600000, 0x0000000090600000, 0x0000000090700000|  0%| F|  |TAMS 0x0000000090600000| PB 0x0000000090600000| Untracked 
| 187|0x0000000090700000, 0x0000000090700000, 0x0000000090800000|  0%| F|  |TAMS 0x0000000090700000| PB 0x0000000090700000| Untracked 
| 188|0x0000000090800000, 0x0000000090800000, 0x0000000090900000|  0%| F|  |TAMS 0x0000000090800000| PB 0x0000000090800000| Untracked 
| 189|0x0000000090900000, 0x0000000090900000, 0x0000000090a00000|  0%| F|  |TAMS 0x0000000090900000| PB 0x0000000090900000| Untracked 
| 190|0x0000000090a00000, 0x0000000090a00000, 0x0000000090b00000|  0%| F|  |TAMS 0x0000000090a00000| PB 0x0000000090a00000| Untracked 
| 191|0x0000000090b00000, 0x0000000090b00000, 0x0000000090c00000|  0%| F|  |TAMS 0x0000000090b00000| PB 0x0000000090b00000| Untracked 
| 192|0x0000000090c00000, 0x0000000090c00000, 0x0000000090d00000|  0%| F|  |TAMS 0x0000000090c00000| PB 0x0000000090c00000| Untracked 
| 193|0x0000000090d00000, 0x0000000090d00000, 0x0000000090e00000|  0%| F|  |TAMS 0x0000000090d00000| PB 0x0000000090d00000| Untracked 
| 194|0x0000000090e00000, 0x0000000090e00000, 0x0000000090f00000|  0%| F|  |TAMS 0x0000000090e00000| PB 0x0000000090e00000| Untracked 
| 195|0x0000000090f00000, 0x0000000090f00000, 0x0000000091000000|  0%| F|  |TAMS 0x0000000090f00000| PB 0x0000000090f00000| Untracked 
| 196|0x0000000091000000, 0x0000000091000000, 0x0000000091100000|  0%| F|  |TAMS 0x0000000091000000| PB 0x0000000091000000| Untracked 
| 197|0x0000000091100000, 0x0000000091100000, 0x0000000091200000|  0%| F|  |TAMS 0x0000000091100000| PB 0x0000000091100000| Untracked 
| 198|0x0000000091200000, 0x0000000091200000, 0x0000000091300000|  0%| F|  |TAMS 0x0000000091200000| PB 0x0000000091200000| Untracked 
| 199|0x0000000091300000, 0x0000000091300000, 0x0000000091400000|  0%| F|  |TAMS 0x0000000091300000| PB 0x0000000091300000| Untracked 
| 200|0x0000000091400000, 0x0000000091400000, 0x0000000091500000|  0%| F|  |TAMS 0x0000000091400000| PB 0x0000000091400000| Untracked 
| 201|0x0000000091500000, 0x0000000091600000, 0x0000000091600000|100%| O|  |TAMS 0x0000000091500000| PB 0x0000000091500000| Untracked 
| 202|0x0000000091600000, 0x0000000091600000, 0x0000000091700000|  0%| F|  |TAMS 0x0000000091600000| PB 0x0000000091600000| Untracked 
| 203|0x0000000091700000, 0x0000000091700000, 0x0000000091800000|  0%| F|  |TAMS 0x0000000091700000| PB 0x0000000091700000| Untracked 
| 204|0x0000000091800000, 0x0000000091800000, 0x0000000091900000|  0%| F|  |TAMS 0x0000000091800000| PB 0x0000000091800000| Untracked 
| 205|0x0000000091900000, 0x0000000091900000, 0x0000000091a00000|  0%| F|  |TAMS 0x0000000091900000| PB 0x0000000091900000| Untracked 
| 206|0x0000000091a00000, 0x0000000091a00000, 0x0000000091b00000|  0%| F|  |TAMS 0x0000000091a00000| PB 0x0000000091a00000| Untracked 
| 207|0x0000000091b00000, 0x0000000091b00000, 0x0000000091c00000|  0%| F|  |TAMS 0x0000000091b00000| PB 0x0000000091b00000| Untracked 
| 208|0x0000000091c00000, 0x0000000091c00000, 0x0000000091d00000|  0%| F|  |TAMS 0x0000000091c00000| PB 0x0000000091c00000| Untracked 
| 209|0x0000000091d00000, 0x0000000091d00000, 0x0000000091e00000|  0%| F|  |TAMS 0x0000000091d00000| PB 0x0000000091d00000| Untracked 
| 210|0x0000000091e00000, 0x0000000091e00000, 0x0000000091f00000|  0%| F|  |TAMS 0x0000000091e00000| PB 0x0000000091e00000| Untracked 
| 211|0x0000000091f00000, 0x0000000091f00000, 0x0000000092000000|  0%| F|  |TAMS 0x0000000091f00000| PB 0x0000000091f00000| Untracked 
| 212|0x0000000092000000, 0x0000000092000000, 0x0000000092100000|  0%| F|  |TAMS 0x0000000092000000| PB 0x0000000092000000| Untracked 
| 213|0x0000000092100000, 0x0000000092100000, 0x0000000092200000|  0%| F|  |TAMS 0x0000000092100000| PB 0x0000000092100000| Untracked 
| 214|0x0000000092200000, 0x0000000092200000, 0x0000000092300000|  0%| F|  |TAMS 0x0000000092200000| PB 0x0000000092200000| Untracked 
| 215|0x0000000092300000, 0x0000000092300000, 0x0000000092400000|  0%| F|  |TAMS 0x0000000092300000| PB 0x0000000092300000| Untracked 
| 216|0x0000000092400000, 0x0000000092400000, 0x0000000092500000|  0%| F|  |TAMS 0x0000000092400000| PB 0x0000000092400000| Untracked 
| 217|0x0000000092500000, 0x0000000092500000, 0x0000000092600000|  0%| F|  |TAMS 0x0000000092500000| PB 0x0000000092500000| Untracked 
| 218|0x0000000092600000, 0x0000000092600000, 0x0000000092700000|  0%| F|  |TAMS 0x0000000092600000| PB 0x0000000092600000| Untracked 
| 219|0x0000000092700000, 0x0000000092700000, 0x0000000092800000|  0%| F|  |TAMS 0x0000000092700000| PB 0x0000000092700000| Untracked 
| 220|0x0000000092800000, 0x0000000092800000, 0x0000000092900000|  0%| F|  |TAMS 0x0000000092800000| PB 0x0000000092800000| Untracked 
| 221|0x0000000092900000, 0x0000000092900000, 0x0000000092a00000|  0%| F|  |TAMS 0x0000000092900000| PB 0x0000000092900000| Untracked 
| 222|0x0000000092a00000, 0x0000000092a00000, 0x0000000092b00000|  0%| F|  |TAMS 0x0000000092a00000| PB 0x0000000092a00000| Untracked 
| 223|0x0000000092b00000, 0x0000000092b00000, 0x0000000092c00000|  0%| F|  |TAMS 0x0000000092b00000| PB 0x0000000092b00000| Untracked 
| 224|0x0000000092c00000, 0x0000000092c00000, 0x0000000092d00000|  0%| F|  |TAMS 0x0000000092c00000| PB 0x0000000092c00000| Untracked 
| 225|0x0000000092d00000, 0x0000000092d00000, 0x0000000092e00000|  0%| F|  |TAMS 0x0000000092d00000| PB 0x0000000092d00000| Untracked 
| 226|0x0000000092e00000, 0x0000000092e00000, 0x0000000092f00000|  0%| F|  |TAMS 0x0000000092e00000| PB 0x0000000092e00000| Untracked 
| 227|0x0000000092f00000, 0x0000000092f00000, 0x0000000093000000|  0%| F|  |TAMS 0x0000000092f00000| PB 0x0000000092f00000| Untracked 
| 228|0x0000000093000000, 0x0000000093000000, 0x0000000093100000|  0%| F|  |TAMS 0x0000000093000000| PB 0x0000000093000000| Untracked 
| 229|0x0000000093100000, 0x0000000093100000, 0x0000000093200000|  0%| F|  |TAMS 0x0000000093100000| PB 0x0000000093100000| Untracked 
| 230|0x0000000093200000, 0x0000000093200000, 0x0000000093300000|  0%| F|  |TAMS 0x0000000093200000| PB 0x0000000093200000| Untracked 
| 231|0x0000000093300000, 0x0000000093300000, 0x0000000093400000|  0%| F|  |TAMS 0x0000000093300000| PB 0x0000000093300000| Untracked 
| 232|0x0000000093400000, 0x0000000093400000, 0x0000000093500000|  0%| F|  |TAMS 0x0000000093400000| PB 0x0000000093400000| Untracked 
| 233|0x0000000093500000, 0x0000000093500000, 0x0000000093600000|  0%| F|  |TAMS 0x0000000093500000| PB 0x0000000093500000| Untracked 
| 234|0x0000000093600000, 0x0000000093600000, 0x0000000093700000|  0%| F|  |TAMS 0x0000000093600000| PB 0x0000000093600000| Untracked 
| 235|0x0000000093700000, 0x0000000093700000, 0x0000000093800000|  0%| F|  |TAMS 0x0000000093700000| PB 0x0000000093700000| Untracked 
| 236|0x0000000093800000, 0x0000000093800000, 0x0000000093900000|  0%| F|  |TAMS 0x0000000093800000| PB 0x0000000093800000| Untracked 
| 237|0x0000000093900000, 0x0000000093900000, 0x0000000093a00000|  0%| F|  |TAMS 0x0000000093900000| PB 0x0000000093900000| Untracked 
| 238|0x0000000093a00000, 0x0000000093a00000, 0x0000000093b00000|  0%| F|  |TAMS 0x0000000093a00000| PB 0x0000000093a00000| Untracked 
| 239|0x0000000093b00000, 0x0000000093b00000, 0x0000000093c00000|  0%| F|  |TAMS 0x0000000093b00000| PB 0x0000000093b00000| Untracked 
| 240|0x0000000093c00000, 0x0000000093c00000, 0x0000000093d00000|  0%| F|  |TAMS 0x0000000093c00000| PB 0x0000000093c00000| Untracked 
| 241|0x0000000093d00000, 0x0000000093d00000, 0x0000000093e00000|  0%| F|  |TAMS 0x0000000093d00000| PB 0x0000000093d00000| Untracked 
| 242|0x0000000093e00000, 0x0000000093e00000, 0x0000000093f00000|  0%| F|  |TAMS 0x0000000093e00000| PB 0x0000000093e00000| Untracked 
| 243|0x0000000093f00000, 0x0000000093f00000, 0x0000000094000000|  0%| F|  |TAMS 0x0000000093f00000| PB 0x0000000093f00000| Untracked 
| 244|0x0000000094000000, 0x0000000094000000, 0x0000000094100000|  0%| F|  |TAMS 0x0000000094000000| PB 0x0000000094000000| Untracked 
| 245|0x0000000094100000, 0x0000000094100000, 0x0000000094200000|  0%| F|  |TAMS 0x0000000094100000| PB 0x0000000094100000| Untracked 
| 246|0x0000000094200000, 0x0000000094200000, 0x0000000094300000|  0%| F|  |TAMS 0x0000000094200000| PB 0x0000000094200000| Untracked 
| 247|0x0000000094300000, 0x0000000094300000, 0x0000000094400000|  0%| F|  |TAMS 0x0000000094300000| PB 0x0000000094300000| Untracked 
| 248|0x0000000094400000, 0x0000000094400000, 0x0000000094500000|  0%| F|  |TAMS 0x0000000094400000| PB 0x0000000094400000| Untracked 
| 249|0x0000000094500000, 0x0000000094500000, 0x0000000094600000|  0%| F|  |TAMS 0x0000000094500000| PB 0x0000000094500000| Untracked 
| 250|0x0000000094600000, 0x0000000094600000, 0x0000000094700000|  0%| F|  |TAMS 0x0000000094600000| PB 0x0000000094600000| Untracked 
| 251|0x0000000094700000, 0x0000000094700000, 0x0000000094800000|  0%| F|  |TAMS 0x0000000094700000| PB 0x0000000094700000| Untracked 
| 252|0x0000000094800000, 0x0000000094800000, 0x0000000094900000|  0%| F|  |TAMS 0x0000000094800000| PB 0x0000000094800000| Untracked 
| 253|0x0000000094900000, 0x0000000094900000, 0x0000000094a00000|  0%| F|  |TAMS 0x0000000094900000| PB 0x0000000094900000| Untracked 
| 254|0x0000000094a00000, 0x0000000094a00000, 0x0000000094b00000|  0%| F|  |TAMS 0x0000000094a00000| PB 0x0000000094a00000| Untracked 
| 255|0x0000000094b00000, 0x0000000094b00000, 0x0000000094c00000|  0%| F|  |TAMS 0x0000000094b00000| PB 0x0000000094b00000| Untracked 
| 256|0x0000000094c00000, 0x0000000094c00000, 0x0000000094d00000|  0%| F|  |TAMS 0x0000000094c00000| PB 0x0000000094c00000| Untracked 
| 257|0x0000000094d00000, 0x0000000094d00000, 0x0000000094e00000|  0%| F|  |TAMS 0x0000000094d00000| PB 0x0000000094d00000| Untracked 
| 258|0x0000000094e00000, 0x0000000094e00000, 0x0000000094f00000|  0%| F|  |TAMS 0x0000000094e00000| PB 0x0000000094e00000| Untracked 
| 259|0x0000000094f00000, 0x0000000094f00000, 0x0000000095000000|  0%| F|  |TAMS 0x0000000094f00000| PB 0x0000000094f00000| Untracked 
| 260|0x0000000095000000, 0x0000000095000000, 0x0000000095100000|  0%| F|  |TAMS 0x0000000095000000| PB 0x0000000095000000| Untracked 
| 261|0x0000000095100000, 0x0000000095100000, 0x0000000095200000|  0%| F|  |TAMS 0x0000000095100000| PB 0x0000000095100000| Untracked 
| 262|0x0000000095200000, 0x0000000095200000, 0x0000000095300000|  0%| F|  |TAMS 0x0000000095200000| PB 0x0000000095200000| Untracked 
| 263|0x0000000095300000, 0x0000000095300000, 0x0000000095400000|  0%| F|  |TAMS 0x0000000095300000| PB 0x0000000095300000| Untracked 
| 264|0x0000000095400000, 0x0000000095400000, 0x0000000095500000|  0%| F|  |TAMS 0x0000000095400000| PB 0x0000000095400000| Untracked 
| 265|0x0000000095500000, 0x0000000095500000, 0x0000000095600000|  0%| F|  |TAMS 0x0000000095500000| PB 0x0000000095500000| Untracked 
| 266|0x0000000095600000, 0x0000000095600000, 0x0000000095700000|  0%| F|  |TAMS 0x0000000095600000| PB 0x0000000095600000| Untracked 
| 267|0x0000000095700000, 0x0000000095700000, 0x0000000095800000|  0%| F|  |TAMS 0x0000000095700000| PB 0x0000000095700000| Untracked 
| 268|0x0000000095800000, 0x0000000095800000, 0x0000000095900000|  0%| F|  |TAMS 0x0000000095800000| PB 0x0000000095800000| Untracked 
| 269|0x0000000095900000, 0x0000000095900000, 0x0000000095a00000|  0%| F|  |TAMS 0x0000000095900000| PB 0x0000000095900000| Untracked 
| 270|0x0000000095a00000, 0x0000000095a00000, 0x0000000095b00000|  0%| F|  |TAMS 0x0000000095a00000| PB 0x0000000095a00000| Untracked 
| 271|0x0000000095b00000, 0x0000000095b00000, 0x0000000095c00000|  0%| F|  |TAMS 0x0000000095b00000| PB 0x0000000095b00000| Untracked 
| 272|0x0000000095c00000, 0x0000000095c00000, 0x0000000095d00000|  0%| F|  |TAMS 0x0000000095c00000| PB 0x0000000095c00000| Untracked 
| 273|0x0000000095d00000, 0x0000000095d00000, 0x0000000095e00000|  0%| F|  |TAMS 0x0000000095d00000| PB 0x0000000095d00000| Untracked 
| 274|0x0000000095e00000, 0x0000000095e00000, 0x0000000095f00000|  0%| F|  |TAMS 0x0000000095e00000| PB 0x0000000095e00000| Untracked 
| 275|0x0000000095f00000, 0x0000000095f00000, 0x0000000096000000|  0%| F|  |TAMS 0x0000000095f00000| PB 0x0000000095f00000| Untracked 
| 276|0x0000000096000000, 0x0000000096000000, 0x0000000096100000|  0%| F|  |TAMS 0x0000000096000000| PB 0x0000000096000000| Untracked 
| 277|0x0000000096100000, 0x0000000096100000, 0x0000000096200000|  0%| F|  |TAMS 0x0000000096100000| PB 0x0000000096100000| Untracked 
| 278|0x0000000096200000, 0x0000000096200000, 0x0000000096300000|  0%| F|  |TAMS 0x0000000096200000| PB 0x0000000096200000| Untracked 
| 279|0x0000000096300000, 0x0000000096300000, 0x0000000096400000|  0%| F|  |TAMS 0x0000000096300000| PB 0x0000000096300000| Untracked 
| 280|0x0000000096400000, 0x0000000096400000, 0x0000000096500000|  0%| F|  |TAMS 0x0000000096400000| PB 0x0000000096400000| Untracked 
| 281|0x0000000096500000, 0x0000000096500000, 0x0000000096600000|  0%| F|  |TAMS 0x0000000096500000| PB 0x0000000096500000| Untracked 
| 282|0x0000000096600000, 0x0000000096600000, 0x0000000096700000|  0%| F|  |TAMS 0x0000000096600000| PB 0x0000000096600000| Untracked 
| 283|0x0000000096700000, 0x0000000096700000, 0x0000000096800000|  0%| F|  |TAMS 0x0000000096700000| PB 0x0000000096700000| Untracked 
| 284|0x0000000096800000, 0x0000000096800000, 0x0000000096900000|  0%| F|  |TAMS 0x0000000096800000| PB 0x0000000096800000| Untracked 
| 285|0x0000000096900000, 0x0000000096900000, 0x0000000096a00000|  0%| F|  |TAMS 0x0000000096900000| PB 0x0000000096900000| Untracked 
| 286|0x0000000096a00000, 0x0000000096a00000, 0x0000000096b00000|  0%| F|  |TAMS 0x0000000096a00000| PB 0x0000000096a00000| Untracked 
| 287|0x0000000096b00000, 0x0000000096b00000, 0x0000000096c00000|  0%| F|  |TAMS 0x0000000096b00000| PB 0x0000000096b00000| Untracked 
| 288|0x0000000096c00000, 0x0000000096c00000, 0x0000000096d00000|  0%| F|  |TAMS 0x0000000096c00000| PB 0x0000000096c00000| Untracked 
| 289|0x0000000096d00000, 0x0000000096d00000, 0x0000000096e00000|  0%| F|  |TAMS 0x0000000096d00000| PB 0x0000000096d00000| Untracked 
| 290|0x0000000096e00000, 0x0000000096e00000, 0x0000000096f00000|  0%| F|  |TAMS 0x0000000096e00000| PB 0x0000000096e00000| Untracked 
| 291|0x0000000096f00000, 0x0000000096f00000, 0x0000000097000000|  0%| F|  |TAMS 0x0000000096f00000| PB 0x0000000096f00000| Untracked 
| 292|0x0000000097000000, 0x0000000097000000, 0x0000000097100000|  0%| F|  |TAMS 0x0000000097000000| PB 0x0000000097000000| Untracked 
| 293|0x0000000097100000, 0x0000000097100000, 0x0000000097200000|  0%| F|  |TAMS 0x0000000097100000| PB 0x0000000097100000| Untracked 
| 294|0x0000000097200000, 0x0000000097200000, 0x0000000097300000|  0%| F|  |TAMS 0x0000000097200000| PB 0x0000000097200000| Untracked 
| 295|0x0000000097300000, 0x0000000097300000, 0x0000000097400000|  0%| F|  |TAMS 0x0000000097300000| PB 0x0000000097300000| Untracked 
| 296|0x0000000097400000, 0x0000000097400000, 0x0000000097500000|  0%| F|  |TAMS 0x0000000097400000| PB 0x0000000097400000| Untracked 
| 297|0x0000000097500000, 0x0000000097500000, 0x0000000097600000|  0%| F|  |TAMS 0x0000000097500000| PB 0x0000000097500000| Untracked 
| 298|0x0000000097600000, 0x0000000097600000, 0x0000000097700000|  0%| F|  |TAMS 0x0000000097600000| PB 0x0000000097600000| Untracked 
| 299|0x0000000097700000, 0x0000000097700000, 0x0000000097800000|  0%| F|  |TAMS 0x0000000097700000| PB 0x0000000097700000| Untracked 
| 300|0x0000000097800000, 0x0000000097800000, 0x0000000097900000|  0%| F|  |TAMS 0x0000000097800000| PB 0x0000000097800000| Untracked 
| 301|0x0000000097900000, 0x0000000097900000, 0x0000000097a00000|  0%| F|  |TAMS 0x0000000097900000| PB 0x0000000097900000| Untracked 
| 302|0x0000000097a00000, 0x0000000097a00000, 0x0000000097b00000|  0%| F|  |TAMS 0x0000000097a00000| PB 0x0000000097a00000| Untracked 
| 303|0x0000000097b00000, 0x0000000097b00000, 0x0000000097c00000|  0%| F|  |TAMS 0x0000000097b00000| PB 0x0000000097b00000| Untracked 
| 304|0x0000000097c00000, 0x0000000097c00000, 0x0000000097d00000|  0%| F|  |TAMS 0x0000000097c00000| PB 0x0000000097c00000| Untracked 
| 305|0x0000000097d00000, 0x0000000097d00000, 0x0000000097e00000|  0%| F|  |TAMS 0x0000000097d00000| PB 0x0000000097d00000| Untracked 
| 306|0x0000000097e00000, 0x0000000097e00000, 0x0000000097f00000|  0%| F|  |TAMS 0x0000000097e00000| PB 0x0000000097e00000| Untracked 
| 307|0x0000000097f00000, 0x0000000097f00000, 0x0000000098000000|  0%| F|  |TAMS 0x0000000097f00000| PB 0x0000000097f00000| Untracked 
| 308|0x0000000098000000, 0x0000000098000000, 0x0000000098100000|  0%| F|  |TAMS 0x0000000098000000| PB 0x0000000098000000| Untracked 
| 309|0x0000000098100000, 0x0000000098100000, 0x0000000098200000|  0%| F|  |TAMS 0x0000000098100000| PB 0x0000000098100000| Untracked 
| 310|0x0000000098200000, 0x0000000098200000, 0x0000000098300000|  0%| F|  |TAMS 0x0000000098200000| PB 0x0000000098200000| Untracked 
| 311|0x0000000098300000, 0x0000000098300000, 0x0000000098400000|  0%| F|  |TAMS 0x0000000098300000| PB 0x0000000098300000| Untracked 
| 312|0x0000000098400000, 0x0000000098400000, 0x0000000098500000|  0%| F|  |TAMS 0x0000000098400000| PB 0x0000000098400000| Untracked 
| 313|0x0000000098500000, 0x0000000098500000, 0x0000000098600000|  0%| F|  |TAMS 0x0000000098500000| PB 0x0000000098500000| Untracked 
| 314|0x0000000098600000, 0x0000000098600000, 0x0000000098700000|  0%| F|  |TAMS 0x0000000098600000| PB 0x0000000098600000| Untracked 
| 315|0x0000000098700000, 0x0000000098700000, 0x0000000098800000|  0%| F|  |TAMS 0x0000000098700000| PB 0x0000000098700000| Untracked 
| 316|0x0000000098800000, 0x0000000098800000, 0x0000000098900000|  0%| F|  |TAMS 0x0000000098800000| PB 0x0000000098800000| Untracked 
| 317|0x0000000098900000, 0x0000000098900000, 0x0000000098a00000|  0%| F|  |TAMS 0x0000000098900000| PB 0x0000000098900000| Untracked 
| 318|0x0000000098a00000, 0x0000000098a00000, 0x0000000098b00000|  0%| F|  |TAMS 0x0000000098a00000| PB 0x0000000098a00000| Untracked 
| 319|0x0000000098b00000, 0x0000000098b00000, 0x0000000098c00000|  0%| F|  |TAMS 0x0000000098b00000| PB 0x0000000098b00000| Untracked 
| 320|0x0000000098c00000, 0x0000000098c00000, 0x0000000098d00000|  0%| F|  |TAMS 0x0000000098c00000| PB 0x0000000098c00000| Untracked 
| 321|0x0000000098d00000, 0x0000000098d00000, 0x0000000098e00000|  0%| F|  |TAMS 0x0000000098d00000| PB 0x0000000098d00000| Untracked 
| 322|0x0000000098e00000, 0x0000000098e00000, 0x0000000098f00000|  0%| F|  |TAMS 0x0000000098e00000| PB 0x0000000098e00000| Untracked 
| 323|0x0000000098f00000, 0x0000000098f00000, 0x0000000099000000|  0%| F|  |TAMS 0x0000000098f00000| PB 0x0000000098f00000| Untracked 
| 324|0x0000000099000000, 0x0000000099000000, 0x0000000099100000|  0%| F|  |TAMS 0x0000000099000000| PB 0x0000000099000000| Untracked 
| 325|0x0000000099100000, 0x0000000099100000, 0x0000000099200000|  0%| F|  |TAMS 0x0000000099100000| PB 0x0000000099100000| Untracked 
| 326|0x0000000099200000, 0x0000000099200000, 0x0000000099300000|  0%| F|  |TAMS 0x0000000099200000| PB 0x0000000099200000| Untracked 
| 327|0x0000000099300000, 0x0000000099300000, 0x0000000099400000|  0%| F|  |TAMS 0x0000000099300000| PB 0x0000000099300000| Untracked 
| 328|0x0000000099400000, 0x0000000099400000, 0x0000000099500000|  0%| F|  |TAMS 0x0000000099400000| PB 0x0000000099400000| Untracked 
| 329|0x0000000099500000, 0x0000000099500000, 0x0000000099600000|  0%| F|  |TAMS 0x0000000099500000| PB 0x0000000099500000| Untracked 
| 330|0x0000000099600000, 0x0000000099600000, 0x0000000099700000|  0%| F|  |TAMS 0x0000000099600000| PB 0x0000000099600000| Untracked 
| 331|0x0000000099700000, 0x0000000099700000, 0x0000000099800000|  0%| F|  |TAMS 0x0000000099700000| PB 0x0000000099700000| Untracked 
| 332|0x0000000099800000, 0x0000000099800000, 0x0000000099900000|  0%| F|  |TAMS 0x0000000099800000| PB 0x0000000099800000| Untracked 
| 333|0x0000000099900000, 0x0000000099900000, 0x0000000099a00000|  0%| F|  |TAMS 0x0000000099900000| PB 0x0000000099900000| Untracked 
| 334|0x0000000099a00000, 0x0000000099a00000, 0x0000000099b00000|  0%| F|  |TAMS 0x0000000099a00000| PB 0x0000000099a00000| Untracked 
| 335|0x0000000099b00000, 0x0000000099b00000, 0x0000000099c00000|  0%| F|  |TAMS 0x0000000099b00000| PB 0x0000000099b00000| Untracked 
| 336|0x0000000099c00000, 0x0000000099c00000, 0x0000000099d00000|  0%| F|  |TAMS 0x0000000099c00000| PB 0x0000000099c00000| Untracked 
| 337|0x0000000099d00000, 0x0000000099d00000, 0x0000000099e00000|  0%| F|  |TAMS 0x0000000099d00000| PB 0x0000000099d00000| Untracked 
| 338|0x0000000099e00000, 0x0000000099e00000, 0x0000000099f00000|  0%| F|  |TAMS 0x0000000099e00000| PB 0x0000000099e00000| Untracked 
| 339|0x0000000099f00000, 0x0000000099f00000, 0x000000009a000000|  0%| F|  |TAMS 0x0000000099f00000| PB 0x0000000099f00000| Untracked 
| 340|0x000000009a000000, 0x000000009a000000, 0x000000009a100000|  0%| F|  |TAMS 0x000000009a000000| PB 0x000000009a000000| Untracked 
| 341|0x000000009a100000, 0x000000009a100000, 0x000000009a200000|  0%| F|  |TAMS 0x000000009a100000| PB 0x000000009a100000| Untracked 
| 342|0x000000009a200000, 0x000000009a200000, 0x000000009a300000|  0%| F|  |TAMS 0x000000009a200000| PB 0x000000009a200000| Untracked 
| 343|0x000000009a300000, 0x000000009a300000, 0x000000009a400000|  0%| F|  |TAMS 0x000000009a300000| PB 0x000000009a300000| Untracked 
| 344|0x000000009a400000, 0x000000009a400000, 0x000000009a500000|  0%| F|  |TAMS 0x000000009a400000| PB 0x000000009a400000| Untracked 
| 345|0x000000009a500000, 0x000000009a500000, 0x000000009a600000|  0%| F|  |TAMS 0x000000009a500000| PB 0x000000009a500000| Untracked 
| 346|0x000000009a600000, 0x000000009a600000, 0x000000009a700000|  0%| F|  |TAMS 0x000000009a600000| PB 0x000000009a600000| Untracked 
| 347|0x000000009a700000, 0x000000009a700000, 0x000000009a800000|  0%| F|  |TAMS 0x000000009a700000| PB 0x000000009a700000| Untracked 
| 348|0x000000009a800000, 0x000000009a800000, 0x000000009a900000|  0%| F|  |TAMS 0x000000009a800000| PB 0x000000009a800000| Untracked 
| 349|0x000000009a900000, 0x000000009a900000, 0x000000009aa00000|  0%| F|  |TAMS 0x000000009a900000| PB 0x000000009a900000| Untracked 
| 350|0x000000009aa00000, 0x000000009aa00000, 0x000000009ab00000|  0%| F|  |TAMS 0x000000009aa00000| PB 0x000000009aa00000| Untracked 
| 351|0x000000009ab00000, 0x000000009ac00000, 0x000000009ac00000|100%| E|  |TAMS 0x000000009ab00000| PB 0x000000009ab00000| Complete 
| 352|0x000000009ac00000, 0x000000009ad00000, 0x000000009ad00000|100%| E|CS|TAMS 0x000000009ac00000| PB 0x000000009ac00000| Complete 
| 353|0x000000009ad00000, 0x000000009ae00000, 0x000000009ae00000|100%| E|CS|TAMS 0x000000009ad00000| PB 0x000000009ad00000| Complete 
| 354|0x000000009ae00000, 0x000000009af00000, 0x000000009af00000|100%| E|CS|TAMS 0x000000009ae00000| PB 0x000000009ae00000| Complete 
| 355|0x000000009af00000, 0x000000009b000000, 0x000000009b000000|100%| E|CS|TAMS 0x000000009af00000| PB 0x000000009af00000| Complete 
| 356|0x000000009b000000, 0x000000009b100000, 0x000000009b100000|100%| E|CS|TAMS 0x000000009b000000| PB 0x000000009b000000| Complete 
| 357|0x000000009b100000, 0x000000009b200000, 0x000000009b200000|100%| E|CS|TAMS 0x000000009b100000| PB 0x000000009b100000| Complete 
| 358|0x000000009b200000, 0x000000009b300000, 0x000000009b300000|100%| E|  |TAMS 0x000000009b200000| PB 0x000000009b200000| Complete 
| 359|0x000000009b300000, 0x000000009b400000, 0x000000009b400000|100%| E|CS|TAMS 0x000000009b300000| PB 0x000000009b300000| Complete 
| 360|0x000000009b400000, 0x000000009b500000, 0x000000009b500000|100%| E|CS|TAMS 0x000000009b400000| PB 0x000000009b400000| Complete 
| 361|0x000000009b500000, 0x000000009b600000, 0x000000009b600000|100%| E|CS|TAMS 0x000000009b500000| PB 0x000000009b500000| Complete 
| 362|0x000000009b600000, 0x000000009b700000, 0x000000009b700000|100%| E|CS|TAMS 0x000000009b600000| PB 0x000000009b600000| Complete 
| 363|0x000000009b700000, 0x000000009b800000, 0x000000009b800000|100%| E|CS|TAMS 0x000000009b700000| PB 0x000000009b700000| Complete 
| 364|0x000000009b800000, 0x000000009b900000, 0x000000009b900000|100%| E|CS|TAMS 0x000000009b800000| PB 0x000000009b800000| Complete 
| 365|0x000000009b900000, 0x000000009ba00000, 0x000000009ba00000|100%| E|CS|TAMS 0x000000009b900000| PB 0x000000009b900000| Complete 
| 366|0x000000009ba00000, 0x000000009bb00000, 0x000000009bb00000|100%| E|CS|TAMS 0x000000009ba00000| PB 0x000000009ba00000| Complete 
| 367|0x000000009bb00000, 0x000000009bc00000, 0x000000009bc00000|100%| E|CS|TAMS 0x000000009bb00000| PB 0x000000009bb00000| Complete 
| 368|0x000000009bc00000, 0x000000009bd00000, 0x000000009bd00000|100%| E|CS|TAMS 0x000000009bc00000| PB 0x000000009bc00000| Complete 
| 369|0x000000009bd00000, 0x000000009be00000, 0x000000009be00000|100%| E|CS|TAMS 0x000000009bd00000| PB 0x000000009bd00000| Complete 
| 370|0x000000009be00000, 0x000000009bf00000, 0x000000009bf00000|100%| E|CS|TAMS 0x000000009be00000| PB 0x000000009be00000| Complete 
| 371|0x000000009bf00000, 0x000000009c000000, 0x000000009c000000|100%| E|CS|TAMS 0x000000009bf00000| PB 0x000000009bf00000| Complete 
| 372|0x000000009c000000, 0x000000009c100000, 0x000000009c100000|100%| E|CS|TAMS 0x000000009c000000| PB 0x000000009c000000| Complete 
| 373|0x000000009c100000, 0x000000009c200000, 0x000000009c200000|100%| E|CS|TAMS 0x000000009c100000| PB 0x000000009c100000| Complete 
| 374|0x000000009c200000, 0x000000009c300000, 0x000000009c300000|100%| E|CS|TAMS 0x000000009c200000| PB 0x000000009c200000| Complete 
| 375|0x000000009c300000, 0x000000009c400000, 0x000000009c400000|100%| E|CS|TAMS 0x000000009c300000| PB 0x000000009c300000| Complete 
| 376|0x000000009c400000, 0x000000009c500000, 0x000000009c500000|100%| E|CS|TAMS 0x000000009c400000| PB 0x000000009c400000| Complete 
| 377|0x000000009c500000, 0x000000009c600000, 0x000000009c600000|100%| E|CS|TAMS 0x000000009c500000| PB 0x000000009c500000| Complete 
| 378|0x000000009c600000, 0x000000009c700000, 0x000000009c700000|100%| E|CS|TAMS 0x000000009c600000| PB 0x000000009c600000| Complete 
| 379|0x000000009c700000, 0x000000009c800000, 0x000000009c800000|100%| E|CS|TAMS 0x000000009c700000| PB 0x000000009c700000| Complete 
| 380|0x000000009c800000, 0x000000009c900000, 0x000000009c900000|100%| E|CS|TAMS 0x000000009c800000| PB 0x000000009c800000| Complete 
| 381|0x000000009c900000, 0x000000009ca00000, 0x000000009ca00000|100%| E|CS|TAMS 0x000000009c900000| PB 0x000000009c900000| Complete 
| 382|0x000000009ca00000, 0x000000009cb00000, 0x000000009cb00000|100%| E|CS|TAMS 0x000000009ca00000| PB 0x000000009ca00000| Complete 
| 383|0x000000009cb00000, 0x000000009cc00000, 0x000000009cc00000|100%| E|CS|TAMS 0x000000009cb00000| PB 0x000000009cb00000| Complete 
| 384|0x000000009cc00000, 0x000000009cd00000, 0x000000009cd00000|100%| E|CS|TAMS 0x000000009cc00000| PB 0x000000009cc00000| Complete 
| 385|0x000000009cd00000, 0x000000009ce00000, 0x000000009ce00000|100%| E|CS|TAMS 0x000000009cd00000| PB 0x000000009cd00000| Complete 
| 386|0x000000009ce00000, 0x000000009cf00000, 0x000000009cf00000|100%| E|CS|TAMS 0x000000009ce00000| PB 0x000000009ce00000| Complete 
| 387|0x000000009cf00000, 0x000000009d000000, 0x000000009d000000|100%| E|CS|TAMS 0x000000009cf00000| PB 0x000000009cf00000| Complete 
| 388|0x000000009d000000, 0x000000009d100000, 0x000000009d100000|100%| E|CS|TAMS 0x000000009d000000| PB 0x000000009d000000| Complete 
| 389|0x000000009d100000, 0x000000009d200000, 0x000000009d200000|100%| E|CS|TAMS 0x000000009d100000| PB 0x000000009d100000| Complete 
| 390|0x000000009d200000, 0x000000009d300000, 0x000000009d300000|100%| E|CS|TAMS 0x000000009d200000| PB 0x000000009d200000| Complete 
| 391|0x000000009d300000, 0x000000009d400000, 0x000000009d400000|100%| E|CS|TAMS 0x000000009d300000| PB 0x000000009d300000| Complete 
| 392|0x000000009d400000, 0x000000009d500000, 0x000000009d500000|100%| E|CS|TAMS 0x000000009d400000| PB 0x000000009d400000| Complete 
| 393|0x000000009d500000, 0x000000009d600000, 0x000000009d600000|100%| E|CS|TAMS 0x000000009d500000| PB 0x000000009d500000| Complete 
| 394|0x000000009d600000, 0x000000009d700000, 0x000000009d700000|100%| E|CS|TAMS 0x000000009d600000| PB 0x000000009d600000| Complete 
| 395|0x000000009d700000, 0x000000009d800000, 0x000000009d800000|100%| E|CS|TAMS 0x000000009d700000| PB 0x000000009d700000| Complete 
| 396|0x000000009d800000, 0x000000009d900000, 0x000000009d900000|100%| E|CS|TAMS 0x000000009d800000| PB 0x000000009d800000| Complete 
| 397|0x000000009d900000, 0x000000009da00000, 0x000000009da00000|100%| E|CS|TAMS 0x000000009d900000| PB 0x000000009d900000| Complete 
| 398|0x000000009da00000, 0x000000009db00000, 0x000000009db00000|100%| E|CS|TAMS 0x000000009da00000| PB 0x000000009da00000| Complete 
| 399|0x000000009db00000, 0x000000009dc00000, 0x000000009dc00000|100%| E|CS|TAMS 0x000000009db00000| PB 0x000000009db00000| Complete 
| 400|0x000000009dc00000, 0x000000009dd00000, 0x000000009dd00000|100%| E|CS|TAMS 0x000000009dc00000| PB 0x000000009dc00000| Complete 
| 401|0x000000009dd00000, 0x000000009de00000, 0x000000009de00000|100%| E|CS|TAMS 0x000000009dd00000| PB 0x000000009dd00000| Complete 
| 402|0x000000009de00000, 0x000000009df00000, 0x000000009df00000|100%| E|CS|TAMS 0x000000009de00000| PB 0x000000009de00000| Complete 
| 403|0x000000009df00000, 0x000000009e000000, 0x000000009e000000|100%| E|CS|TAMS 0x000000009df00000| PB 0x000000009df00000| Complete 
| 404|0x000000009e000000, 0x000000009e100000, 0x000000009e100000|100%| E|CS|TAMS 0x000000009e000000| PB 0x000000009e000000| Complete 
| 405|0x000000009e100000, 0x000000009e200000, 0x000000009e200000|100%| E|CS|TAMS 0x000000009e100000| PB 0x000000009e100000| Complete 
| 406|0x000000009e200000, 0x000000009e300000, 0x000000009e300000|100%| E|CS|TAMS 0x000000009e200000| PB 0x000000009e200000| Complete 
| 407|0x000000009e300000, 0x000000009e400000, 0x000000009e400000|100%| E|CS|TAMS 0x000000009e300000| PB 0x000000009e300000| Complete 
| 408|0x000000009e400000, 0x000000009e500000, 0x000000009e500000|100%| E|CS|TAMS 0x000000009e400000| PB 0x000000009e400000| Complete 
| 409|0x000000009e500000, 0x000000009e600000, 0x000000009e600000|100%| E|CS|TAMS 0x000000009e500000| PB 0x000000009e500000| Complete 
| 410|0x000000009e600000, 0x000000009e700000, 0x000000009e700000|100%| E|CS|TAMS 0x000000009e600000| PB 0x000000009e600000| Complete 
| 411|0x000000009e700000, 0x000000009e800000, 0x000000009e800000|100%| E|CS|TAMS 0x000000009e700000| PB 0x000000009e700000| Complete 
| 412|0x000000009e800000, 0x000000009e900000, 0x000000009e900000|100%| E|CS|TAMS 0x000000009e800000| PB 0x000000009e800000| Complete 
| 413|0x000000009e900000, 0x000000009ea00000, 0x000000009ea00000|100%| E|CS|TAMS 0x000000009e900000| PB 0x000000009e900000| Complete 
| 414|0x000000009ea00000, 0x000000009eb00000, 0x000000009eb00000|100%| E|CS|TAMS 0x000000009ea00000| PB 0x000000009ea00000| Complete 
| 415|0x000000009eb00000, 0x000000009ec00000, 0x000000009ec00000|100%| E|CS|TAMS 0x000000009eb00000| PB 0x000000009eb00000| Complete 
| 416|0x000000009ec00000, 0x000000009ed00000, 0x000000009ed00000|100%| E|CS|TAMS 0x000000009ec00000| PB 0x000000009ec00000| Complete 
| 417|0x000000009ed00000, 0x000000009ee00000, 0x000000009ee00000|100%| E|CS|TAMS 0x000000009ed00000| PB 0x000000009ed00000| Complete 
| 418|0x000000009ee00000, 0x000000009ef00000, 0x000000009ef00000|100%| E|CS|TAMS 0x000000009ee00000| PB 0x000000009ee00000| Complete 
| 419|0x000000009ef00000, 0x000000009f000000, 0x000000009f000000|100%| E|CS|TAMS 0x000000009ef00000| PB 0x000000009ef00000| Complete 
| 420|0x000000009f000000, 0x000000009f100000, 0x000000009f100000|100%| E|CS|TAMS 0x000000009f000000| PB 0x000000009f000000| Complete 
| 421|0x000000009f100000, 0x000000009f200000, 0x000000009f200000|100%| E|CS|TAMS 0x000000009f100000| PB 0x000000009f100000| Complete 
| 422|0x000000009f200000, 0x000000009f300000, 0x000000009f300000|100%| E|CS|TAMS 0x000000009f200000| PB 0x000000009f200000| Complete 
| 423|0x000000009f300000, 0x000000009f400000, 0x000000009f400000|100%| E|CS|TAMS 0x000000009f300000| PB 0x000000009f300000| Complete 
| 424|0x000000009f400000, 0x000000009f500000, 0x000000009f500000|100%| E|CS|TAMS 0x000000009f400000| PB 0x000000009f400000| Complete 
| 425|0x000000009f500000, 0x000000009f600000, 0x000000009f600000|100%| E|CS|TAMS 0x000000009f500000| PB 0x000000009f500000| Complete 
| 426|0x000000009f600000, 0x000000009f700000, 0x000000009f700000|100%| E|CS|TAMS 0x000000009f600000| PB 0x000000009f600000| Complete 
| 427|0x000000009f700000, 0x000000009f800000, 0x000000009f800000|100%| E|CS|TAMS 0x000000009f700000| PB 0x000000009f700000| Complete 
| 428|0x000000009f800000, 0x000000009f900000, 0x000000009f900000|100%| E|CS|TAMS 0x000000009f800000| PB 0x000000009f800000| Complete 
| 429|0x000000009f900000, 0x000000009fa00000, 0x000000009fa00000|100%| E|CS|TAMS 0x000000009f900000| PB 0x000000009f900000| Complete 
| 430|0x000000009fa00000, 0x000000009fb00000, 0x000000009fb00000|100%| E|CS|TAMS 0x000000009fa00000| PB 0x000000009fa00000| Complete 
| 431|0x000000009fb00000, 0x000000009fc00000, 0x000000009fc00000|100%| E|CS|TAMS 0x000000009fb00000| PB 0x000000009fb00000| Complete 
| 432|0x000000009fc00000, 0x000000009fd00000, 0x000000009fd00000|100%| E|CS|TAMS 0x000000009fc00000| PB 0x000000009fc00000| Complete 
| 433|0x000000009fd00000, 0x000000009fe00000, 0x000000009fe00000|100%| E|CS|TAMS 0x000000009fd00000| PB 0x000000009fd00000| Complete 
| 434|0x000000009fe00000, 0x000000009ff00000, 0x000000009ff00000|100%| E|CS|TAMS 0x000000009fe00000| PB 0x000000009fe00000| Complete 
| 435|0x000000009ff00000, 0x00000000a0000000, 0x00000000a0000000|100%| E|CS|TAMS 0x000000009ff00000| PB 0x000000009ff00000| Complete 
| 436|0x00000000a0000000, 0x00000000a0100000, 0x00000000a0100000|100%| E|CS|TAMS 0x00000000a0000000| PB 0x00000000a0000000| Complete 
| 437|0x00000000a0100000, 0x00000000a0200000, 0x00000000a0200000|100%| E|CS|TAMS 0x00000000a0100000| PB 0x00000000a0100000| Complete 
| 438|0x00000000a0200000, 0x00000000a0300000, 0x00000000a0300000|100%| E|CS|TAMS 0x00000000a0200000| PB 0x00000000a0200000| Complete 
| 439|0x00000000a0300000, 0x00000000a0400000, 0x00000000a0400000|100%| E|CS|TAMS 0x00000000a0300000| PB 0x00000000a0300000| Complete 
| 440|0x00000000a0400000, 0x00000000a0500000, 0x00000000a0500000|100%| E|CS|TAMS 0x00000000a0400000| PB 0x00000000a0400000| Complete 
| 441|0x00000000a0500000, 0x00000000a0600000, 0x00000000a0600000|100%| E|CS|TAMS 0x00000000a0500000| PB 0x00000000a0500000| Complete 
| 442|0x00000000a0600000, 0x00000000a0700000, 0x00000000a0700000|100%| E|CS|TAMS 0x00000000a0600000| PB 0x00000000a0600000| Complete 
| 443|0x00000000a0700000, 0x00000000a0800000, 0x00000000a0800000|100%| E|CS|TAMS 0x00000000a0700000| PB 0x00000000a0700000| Complete 
|1932|0x00000000fd800000, 0x00000000fd900000, 0x00000000fd900000|100%| O|  |TAMS 0x00000000fd800000| PB 0x00000000fd800000| Untracked 
|1933|0x00000000fd900000, 0x00000000fda00000, 0x00000000fda00000|100%| O|  |TAMS 0x00000000fd900000| PB 0x00000000fd900000| Untracked 
|1934|0x00000000fda00000, 0x00000000fdb00000, 0x00000000fdb00000|100%| O|Cm|TAMS 0x00000000fda00000| PB 0x00000000fda00000| Complete 
|1935|0x00000000fdb00000, 0x00000000fdc00000, 0x00000000fdc00000|100%| O|Cm|TAMS 0x00000000fdb00000| PB 0x00000000fdb00000| Complete 
|1936|0x00000000fdc00000, 0x00000000fdd00000, 0x00000000fdd00000|100%| O|  |TAMS 0x00000000fdc00000| PB 0x00000000fdc00000| Untracked 
|1937|0x00000000fdd00000, 0x00000000fde00000, 0x00000000fde00000|100%| O|  |TAMS 0x00000000fdd00000| PB 0x00000000fdd00000| Untracked 
|1938|0x00000000fde00000, 0x00000000fdf00000, 0x00000000fdf00000|100%| O|  |TAMS 0x00000000fde00000| PB 0x00000000fde00000| Untracked 
|1939|0x00000000fdf00000, 0x00000000fe000000, 0x00000000fe000000|100%| O|  |TAMS 0x00000000fdf00000| PB 0x00000000fdf00000| Untracked 
|1940|0x00000000fe000000, 0x00000000fe100000, 0x00000000fe100000|100%| O|  |TAMS 0x00000000fe000000| PB 0x00000000fe000000| Untracked 
|1941|0x00000000fe100000, 0x00000000fe200000, 0x00000000fe200000|100%| E|CS|TAMS 0x00000000fe100000| PB 0x00000000fe100000| Complete 
|1942|0x00000000fe200000, 0x00000000fe300000, 0x00000000fe300000|100%| O|  |TAMS 0x00000000fe200000| PB 0x00000000fe200000| Untracked 
|1943|0x00000000fe300000, 0x00000000fe400000, 0x00000000fe400000|100%| O|  |TAMS 0x00000000fe300000| PB 0x00000000fe300000| Untracked 
|1944|0x00000000fe400000, 0x00000000fe500000, 0x00000000fe500000|100%| O|  |TAMS 0x00000000fe400000| PB 0x00000000fe400000| Untracked 
|1945|0x00000000fe500000, 0x00000000fe600000, 0x00000000fe600000|100%| O|  |TAMS 0x00000000fe500000| PB 0x00000000fe500000| Untracked 
|1946|0x00000000fe600000, 0x00000000fe700000, 0x00000000fe700000|100%| O|  |TAMS 0x00000000fe600000| PB 0x00000000fe600000| Untracked 
|1947|0x00000000fe700000, 0x00000000fe800000, 0x00000000fe800000|100%| O|  |TAMS 0x00000000fe700000| PB 0x00000000fe700000| Untracked 
|1948|0x00000000fe800000, 0x00000000fe900000, 0x00000000fe900000|100%| O|  |TAMS 0x00000000fe800000| PB 0x00000000fe800000| Untracked 
|1949|0x00000000fe900000, 0x00000000fea00000, 0x00000000fea00000|100%| O|  |TAMS 0x00000000fe900000| PB 0x00000000fe900000| Untracked 
|1950|0x00000000fea00000, 0x00000000feb00000, 0x00000000feb00000|100%| O|  |TAMS 0x00000000fea00000| PB 0x00000000fea00000| Untracked 
|1951|0x00000000feb00000, 0x00000000fec00000, 0x00000000fec00000|100%| O|  |TAMS 0x00000000feb00000| PB 0x00000000feb00000| Untracked 
|1952|0x00000000fec00000, 0x00000000fed00000, 0x00000000fed00000|100%| O|  |TAMS 0x00000000fec00000| PB 0x00000000fec00000| Untracked 
|1953|0x00000000fed00000, 0x00000000fee00000, 0x00000000fee00000|100%| O|  |TAMS 0x00000000fed00000| PB 0x00000000fed00000| Untracked 
|1954|0x00000000fee00000, 0x00000000fef00000, 0x00000000fef00000|100%| O|Cm|TAMS 0x00000000fee00000| PB 0x00000000fee00000| Complete 
|1955|0x00000000fef00000, 0x00000000ff000000, 0x00000000ff000000|100%| E|CS|TAMS 0x00000000fef00000| PB 0x00000000fef00000| Complete 
|1956|0x00000000ff000000, 0x00000000ff100000, 0x00000000ff100000|100%| E|CS|TAMS 0x00000000ff000000| PB 0x00000000ff000000| Complete 
|1957|0x00000000ff100000, 0x00000000ff200000, 0x00000000ff200000|100%| E|CS|TAMS 0x00000000ff100000| PB 0x00000000ff100000| Complete 
|1958|0x00000000ff200000, 0x00000000ff300000, 0x00000000ff300000|100%| O|Cm|TAMS 0x00000000ff200000| PB 0x00000000ff200000| Complete 
|1959|0x00000000ff300000, 0x00000000ff400000, 0x00000000ff400000|100%| O|  |TAMS 0x00000000ff300000| PB 0x00000000ff300000| Untracked 
|1960|0x00000000ff400000, 0x00000000ff500000, 0x00000000ff500000|100%| O|  |TAMS 0x00000000ff400000| PB 0x00000000ff400000| Untracked 
|1961|0x00000000ff500000, 0x00000000ff600000, 0x00000000ff600000|100%| O|  |TAMS 0x00000000ff500000| PB 0x00000000ff500000| Untracked 
|1962|0x00000000ff600000, 0x00000000ff700000, 0x00000000ff700000|100%| E|CS|TAMS 0x00000000ff600000| PB 0x00000000ff600000| Complete 
|1963|0x00000000ff700000, 0x00000000ff800000, 0x00000000ff800000|100%| E|CS|TAMS 0x00000000ff700000| PB 0x00000000ff700000| Complete 
|1964|0x00000000ff800000, 0x00000000ff900000, 0x00000000ff900000|100%| E|CS|TAMS 0x00000000ff800000| PB 0x00000000ff800000| Complete 
|1965|0x00000000ff900000, 0x00000000ffa00000, 0x00000000ffa00000|100%| E|CS|TAMS 0x00000000ff900000| PB 0x00000000ff900000| Complete 
|1966|0x00000000ffa00000, 0x00000000ffb00000, 0x00000000ffb00000|100%| E|CS|TAMS 0x00000000ffa00000| PB 0x00000000ffa00000| Complete 
|1967|0x00000000ffb00000, 0x00000000ffc00000, 0x00000000ffc00000|100%| E|CS|TAMS 0x00000000ffb00000| PB 0x00000000ffb00000| Complete 
|1968|0x00000000ffc00000, 0x00000000ffd00000, 0x00000000ffd00000|100%| E|CS|TAMS 0x00000000ffc00000| PB 0x00000000ffc00000| Complete 
|1969|0x00000000ffd00000, 0x00000000ffe00000, 0x00000000ffe00000|100%| E|CS|TAMS 0x00000000ffd00000| PB 0x00000000ffd00000| Complete 
|1970|0x00000000ffe00000, 0x00000000fff00000, 0x00000000fff00000|100%| O|  |TAMS 0x00000000ffe00000| PB 0x00000000ffe00000| Untracked 
|1971|0x00000000fff00000, 0x0000000100000000, 0x0000000100000000|100%| O|  |TAMS 0x00000000fff00000| PB 0x00000000fff00000| Untracked 

Card table byte_map: [0x0000027dd53c0000,0x0000027dd57a0000] _byte_map_base: 0x0000027dd4f9a000

Marking Bits: (CMBitMap*) 0x0000027dc23b7630
 Bits: [0x0000027dd57a0000, 0x0000027dd7670000)

Polling page: 0x0000027dbf590000

Metaspace:

Usage:
  Non-class:    116.63 MB used.
      Class:     16.07 MB used.
       Both:    132.70 MB used.

Virtual space:
  Non-class space:      128.00 MB reserved,     118.56 MB ( 93%) committed,  2 nodes.
      Class space:        1.00 GB reserved,      17.38 MB (  2%) committed,  1 nodes.
             Both:        1.12 GB reserved,     135.94 MB ( 12%) committed. 

Chunk freelists:
   Non-Class:  8.64 MB
       Class:  14.45 MB
        Both:  23.09 MB

MaxMetaspaceSize: unlimited
CompressedClassSpaceSize: 1.00 GB
Initial GC threshold: 21.00 MB
Current GC threshold: 225.88 MB
CDS: on
 - commit_granule_bytes: 65536.
 - commit_granule_words: 8192.
 - virtual_space_node_default_size: 8388608.
 - enlarge_chunks_in_place: 1.
 - use_allocation_guard: 0.


Internal statistics:

num_allocs_failed_limit: 18.
num_arena_births: 1814.
num_arena_deaths: 2.
num_vsnodes_births: 3.
num_vsnodes_deaths: 0.
num_space_committed: 2174.
num_space_uncommitted: 0.
num_chunks_returned_to_freelist: 20.
num_chunks_taken_from_freelist: 8168.
num_chunk_merges: 12.
num_chunk_splits: 5221.
num_chunks_enlarged: 3148.
num_inconsistent_stats: 0.

CodeHeap 'non-profiled nmethods': size=120000Kb used=15283Kb max_used=15283Kb free=104716Kb
 bounds [0x0000027dcd770000, 0x0000027dce660000, 0x0000027dd4ca0000]
CodeHeap 'profiled nmethods': size=120000Kb used=37762Kb max_used=37762Kb free=82237Kb
 bounds [0x0000027dc5ca0000, 0x0000027dc8190000, 0x0000027dcd1d0000]
CodeHeap 'non-nmethods': size=5760Kb used=2732Kb max_used=2798Kb free=3027Kb
 bounds [0x0000027dcd1d0000, 0x0000027dcd4b0000, 0x0000027dcd770000]
 total_blobs=19023 nmethods=17761 adapters=1163
 compilation: enabled
              stopped_count=0, restarted_count=0
 full_count=0

Compilation events (20 events):
Event: 137.173 Thread 0x0000027dd785a990 22339       3       org.eclipse.tm4e.languageconfiguration.internal.model.LanguageConfiguration::getAsPattern (67 bytes)
Event: 137.174 Thread 0x0000027dd785a990 nmethod 22339 0x0000027dc817a710 code [0x0000027dc817aac0, 0x0000027dc817c300]
Event: 137.174 Thread 0x0000027dd785a990 22340       3       org.eclipse.core.internal.content.ContentTypeMatcher::findContentTypeFor (28 bytes)
Event: 137.175 Thread 0x0000027dd785a990 nmethod 22340 0x0000027dc817cb10 code [0x0000027dc817cde0, 0x0000027dc817dc58]
Event: 137.175 Thread 0x0000027dd785a990 22341       3       org.eclipse.core.internal.content.ContentTypeCatalog::findFirstContentTypeFor (64 bytes)
Event: 137.175 Thread 0x0000027dd785a990 nmethod 22341 0x0000027dc817e190 code [0x0000027dc817e3c0, 0x0000027dc817ead8]
Event: 137.175 Thread 0x0000027dd785a990 22343       3       java.util.regex.Pattern$BitClass::add (97 bytes)
Event: 137.176 Thread 0x0000027dd785a990 nmethod 22343 0x0000027dc817ed90 code [0x0000027dc817efe0, 0x0000027dc817f8d0]
Event: 137.200 Thread 0x0000027e368c8af0 nmethod 22312 0x0000027dce64a810 code [0x0000027dce64ac00, 0x0000027dce64d3f0]
Event: 137.200 Thread 0x0000027e368c8af0 22342       4       com.google.gson.stream.JsonReader::endArray (60 bytes)
Event: 137.201 Thread 0x0000027e368c8af0 nmethod 22342 0x0000027dce64eb90 code [0x0000027dce64ed20, 0x0000027dce64ee40]
Event: 137.201 Thread 0x0000027e368c8af0 22314       4       org.eclipse.jface.action.ActionContributionItem::isCommandActive (37 bytes)
Event: 137.203 Thread 0x0000027e368c8af0 nmethod 22314 0x0000027dce64ef90 code [0x0000027dce64f180, 0x0000027dce64f498]
Event: 137.203 Thread 0x0000027e368c8af0 22315       4       org.eclipse.jface.action.ExternalActionManager$CommandCallback::isActive (110 bytes)
Event: 137.205 Thread 0x0000027e368c8af0 nmethod 22315 0x0000027dce64f810 code [0x0000027dce64f9e0, 0x0000027dce64fc40]
Event: 137.205 Thread 0x0000027e368c8af0 22337       4       org.eclipse.e4.ui.workbench.renderers.swt.MenuManagerRenderer::updateVisibility (134 bytes)
Event: 137.206 Thread 0x0000027e368c8af0 nmethod 22337 0x0000027dce64ff10 code [0x0000027dce6500c0, 0x0000027dce650240]
Event: 137.348 Thread 0x0000027dd783fda0 nmethod 22335 0x0000027dce650490 code [0x0000027dce650b60, 0x0000027dce6570c8]
Event: 139.627 Thread 0x0000027dd785a990 22344       3       org.eclipse.ui.internal.PopupMenuExtender::gatherContributions (74 bytes)
Event: 139.627 Thread 0x0000027dd785a990 nmethod 22344 0x0000027dc817fc90 code [0x0000027dc817fea0, 0x0000027dc81806f0]

GC Heap History (20 events):
Event: 27.585 GC heap before
{Heap before GC invocations=66 (full 0):
 garbage-first heap   total 432128K, used 171210K [0x0000000084c00000, 0x0000000100000000)
  region size 1024K, 16 young (16384K), 8 survivors (8192K)
 Metaspace       used 125976K, committed 129216K, reserved 1179648K
  class space    used 15540K, committed 16832K, reserved 1048576K
}
Event: 27.589 GC heap after
{Heap after GC invocations=67 (full 0):
 garbage-first heap   total 432128K, used 161579K [0x0000000084c00000, 0x0000000100000000)
  region size 1024K, 9 young (9216K), 9 survivors (9216K)
 Metaspace       used 125976K, committed 129216K, reserved 1179648K
  class space    used 15540K, committed 16832K, reserved 1048576K
}
Event: 27.902 GC heap before
{Heap before GC invocations=68 (full 0):
 garbage-first heap   total 432128K, used 429867K [0x0000000084c00000, 0x0000000100000000)
  region size 1024K, 186 young (190464K), 9 survivors (9216K)
 Metaspace       used 125980K, committed 129216K, reserved 1179648K
  class space    used 15541K, committed 16832K, reserved 1048576K
}
Event: 27.906 GC heap after
{Heap after GC invocations=69 (full 0):
 garbage-first heap   total 441344K, used 162856K [0x0000000084c00000, 0x0000000100000000)
  region size 1024K, 9 young (9216K), 9 survivors (9216K)
 Metaspace       used 125980K, committed 129216K, reserved 1179648K
  class space    used 15541K, committed 16832K, reserved 1048576K
}
Event: 28.183 GC heap before
{Heap before GC invocations=69 (full 0):
 garbage-first heap   total 441344K, used 439336K [0x0000000084c00000, 0x0000000100000000)
  region size 1024K, 189 young (193536K), 9 survivors (9216K)
 Metaspace       used 125989K, committed 129216K, reserved 1179648K
  class space    used 15541K, committed 16832K, reserved 1048576K
}
Event: 28.191 GC heap after
{Heap after GC invocations=70 (full 0):
 garbage-first heap   total 455680K, used 161940K [0x0000000084c00000, 0x0000000100000000)
  region size 1024K, 8 young (8192K), 8 survivors (8192K)
 Metaspace       used 125989K, committed 129216K, reserved 1179648K
  class space    used 15541K, committed 16832K, reserved 1048576K
}
Event: 28.191 GC heap before
{Heap before GC invocations=70 (full 0):
 garbage-first heap   total 455680K, used 161940K [0x0000000084c00000, 0x0000000100000000)
  region size 1024K, 9 young (9216K), 8 survivors (8192K)
 Metaspace       used 125989K, committed 129216K, reserved 1179648K
  class space    used 15541K, committed 16832K, reserved 1048576K
}
Event: 28.195 GC heap after
{Heap after GC invocations=71 (full 0):
 garbage-first heap   total 455680K, used 162646K [0x0000000084c00000, 0x0000000100000000)
  region size 1024K, 7 young (7168K), 7 survivors (7168K)
 Metaspace       used 125989K, committed 129216K, reserved 1179648K
  class space    used 15541K, committed 16832K, reserved 1048576K
}
Event: 28.532 GC heap before
{Heap before GC invocations=72 (full 0):
 garbage-first heap   total 455680K, used 453462K [0x0000000084c00000, 0x0000000100000000)
  region size 1024K, 199 young (203776K), 7 survivors (7168K)
 Metaspace       used 126001K, committed 129216K, reserved 1179648K
  class space    used 15541K, committed 16832K, reserved 1048576K
}
Event: 28.536 GC heap after
{Heap after GC invocations=73 (full 0):
 garbage-first heap   total 462848K, used 161956K [0x0000000084c00000, 0x0000000100000000)
  region size 1024K, 6 young (6144K), 6 survivors (6144K)
 Metaspace       used 126001K, committed 129216K, reserved 1179648K
  class space    used 15541K, committed 16832K, reserved 1048576K
}
Event: 28.884 GC heap before
{Heap before GC invocations=73 (full 0):
 garbage-first heap   total 462848K, used 460964K [0x0000000084c00000, 0x0000000100000000)
  region size 1024K, 212 young (217088K), 6 survivors (6144K)
 Metaspace       used 126008K, committed 129216K, reserved 1179648K
  class space    used 15541K, committed 16832K, reserved 1048576K
}
Event: 28.889 GC heap after
{Heap after GC invocations=74 (full 0):
 garbage-first heap   total 475136K, used 160343K [0x0000000084c00000, 0x0000000100000000)
  region size 1024K, 6 young (6144K), 6 survivors (6144K)
 Metaspace       used 126008K, committed 129216K, reserved 1179648K
  class space    used 15541K, committed 16832K, reserved 1048576K
}
Event: 28.901 GC heap before
{Heap before GC invocations=74 (full 0):
 garbage-first heap   total 475136K, used 165463K [0x0000000084c00000, 0x0000000100000000)
  region size 1024K, 13 young (13312K), 6 survivors (6144K)
 Metaspace       used 126008K, committed 129216K, reserved 1179648K
  class space    used 15541K, committed 16832K, reserved 1048576K
}
Event: 28.903 GC heap after
{Heap after GC invocations=75 (full 0):
 garbage-first heap   total 475136K, used 159424K [0x0000000084c00000, 0x0000000100000000)
  region size 1024K, 5 young (5120K), 5 survivors (5120K)
 Metaspace       used 126008K, committed 129216K, reserved 1179648K
  class space    used 15541K, committed 16832K, reserved 1048576K
}
Event: 29.600 GC heap before
{Heap before GC invocations=76 (full 0):
 garbage-first heap   total 475136K, used 471744K [0x0000000084c00000, 0x0000000100000000)
  region size 1024K, 263 young (269312K), 5 survivors (5120K)
 Metaspace       used 126048K, committed 129216K, reserved 1179648K
  class space    used 15542K, committed 16832K, reserved 1048576K
}
Event: 29.603 GC heap after
{Heap after GC invocations=77 (full 0):
 garbage-first heap   total 480256K, used 160851K [0x0000000084c00000, 0x0000000100000000)
  region size 1024K, 6 young (6144K), 6 survivors (6144K)
 Metaspace       used 126048K, committed 129216K, reserved 1179648K
  class space    used 15542K, committed 16832K, reserved 1048576K
}
Event: 70.921 GC heap before
{Heap before GC invocations=77 (full 0):
 garbage-first heap   total 480256K, used 477267K [0x0000000084c00000, 0x0000000100000000)
  region size 1024K, 277 young (283648K), 6 survivors (6144K)
 Metaspace       used 131620K, committed 134848K, reserved 1179648K
  class space    used 16101K, committed 17408K, reserved 1048576K
}
Event: 70.930 GC heap after
{Heap after GC invocations=78 (full 0):
 garbage-first heap   total 495616K, used 164713K [0x0000000084c00000, 0x0000000100000000)
  region size 1024K, 14 young (14336K), 14 survivors (14336K)
 Metaspace       used 131620K, committed 134848K, reserved 1179648K
  class space    used 16101K, committed 17408K, reserved 1048576K
}
Event: 89.162 GC heap before
{Heap before GC invocations=78 (full 0):
 garbage-first heap   total 495616K, used 446313K [0x0000000084c00000, 0x0000000100000000)
  region size 1024K, 290 young (296960K), 14 survivors (14336K)
 Metaspace       used 135479K, committed 138752K, reserved 1179648K
  class space    used 16420K, committed 17728K, reserved 1048576K
}
Event: 89.173 GC heap after
{Heap after GC invocations=79 (full 0):
 garbage-first heap   total 495616K, used 174360K [0x0000000084c00000, 0x0000000100000000)
  region size 1024K, 24 young (24576K), 24 survivors (24576K)
 Metaspace       used 135479K, committed 138752K, reserved 1179648K
  class space    used 16420K, committed 17728K, reserved 1048576K
}

Dll operation events (18 events):
Event: 0.012 Loaded shared library C:\Users\samut\.p2\pool\plugins\org.eclipse.justj.openjdk.hotspot.jre.full.win32.x86_64_21.0.7.v20250502-0916\jre\bin\java.dll
Event: 0.081 Loaded shared library C:\Users\samut\.p2\pool\plugins\org.eclipse.justj.openjdk.hotspot.jre.full.win32.x86_64_21.0.7.v20250502-0916\jre\bin\zip.dll
Event: 0.097 Loaded shared library C:\Users\samut\.p2\pool\plugins\org.eclipse.justj.openjdk.hotspot.jre.full.win32.x86_64_21.0.7.v20250502-0916\jre\bin\net.dll
Event: 0.101 Loaded shared library C:\Users\samut\.p2\pool\plugins\org.eclipse.justj.openjdk.hotspot.jre.full.win32.x86_64_21.0.7.v20250502-0916\jre\bin\nio.dll
Event: 0.104 Loaded shared library C:\Users\samut\.p2\pool\plugins\org.eclipse.justj.openjdk.hotspot.jre.full.win32.x86_64_21.0.7.v20250502-0916\jre\bin\zip.dll
Event: 0.212 Loaded shared library C:\Users\samut\.p2\pool\plugins\org.eclipse.justj.openjdk.hotspot.jre.full.win32.x86_64_21.0.7.v20250502-0916\jre\bin\jimage.dll
Event: 2.295 Loaded shared library C:\Users\samut\.p2\pool\plugins\org.eclipse.justj.openjdk.hotspot.jre.full.win32.x86_64_21.0.7.v20250502-0916\jre\bin\verify.dll
Event: 2.712 Loaded shared library C:\Users\samut\.p2\pool\plugins\org.eclipse.justj.openjdk.hotspot.jre.full.win32.x86_64_21.0.7.v20250502-0916\jre\bin\sunmscapi.dll
Event: 3.500 Loaded shared library C:\Users\samut\AppData\Local\Temp\jna-109203134\jna7804362357505419538.dll
Event: 4.044 Loaded shared library C:\Users\samut\eclipse\java-2025-03\eclipse\configuration\org.eclipse.osgi\1044\0\.cp\swt-osversion-win32-4972r7.dll
Event: 4.050 Loaded shared library C:\Users\samut\eclipse\java-2025-03\eclipse\configuration\org.eclipse.osgi\1044\0\.cp\swt-win32-4972r7.dll
Event: 4.123 Loaded shared library C:\Users\samut\eclipse\java-2025-03\eclipse\configuration\org.eclipse.osgi\1044\0\.cp\swt-gdip-win32-4972r7.dll
Event: 7.288 Loaded shared library C:\Users\samut\.p2\pool\plugins\org.eclipse.justj.openjdk.hotspot.jre.full.win32.x86_64_21.0.7.v20250502-0916\jre\bin\awt.dll
Event: 7.970 Loaded shared library C:\Users\samut\.p2\pool\plugins\org.eclipse.justj.openjdk.hotspot.jre.full.win32.x86_64_21.0.7.v20250502-0916\jre\bin\mlib_image.dll
Event: 14.440 Loaded shared library C:\Users\samut\.p2\pool\plugins\org.eclipse.justj.openjdk.hotspot.jre.full.win32.x86_64_21.0.7.v20250502-0916\jre\bin\freetype.dll
Event: 14.442 Loaded shared library C:\Users\samut\.p2\pool\plugins\org.eclipse.justj.openjdk.hotspot.jre.full.win32.x86_64_21.0.7.v20250502-0916\jre\bin\fontmanager.dll
Event: 21.337 Loaded shared library C:\Users\samut\.p2\pool\plugins\org.eclipse.justj.openjdk.hotspot.jre.full.win32.x86_64_21.0.7.v20250502-0916\jre\bin\extnet.dll
Event: 22.874 Loaded shared library C:\Users\samut\eclipse\java-2025-03\eclipse\configuration\org.eclipse.osgi\1044\0\.cp\WebView2Loader.dll

Deoptimization events (20 events):
Event: 136.990 Thread 0x0000027dbf1487b0 Uncommon trap: trap_request=0xffffff45 fr.pc=0x0000027dce1a5f14 relative=0x00000000000000d4
Event: 136.990 Thread 0x0000027dbf1487b0 Uncommon trap: reason=unstable_if action=reinterpret pc=0x0000027dce1a5f14 method=sun.java2d.marlin.Stroker.computeOffset(DDD[D)V @ 13 c2
Event: 136.991 Thread 0x0000027dbf1487b0 DEOPT PACKING pc=0x0000027dce1a5f14 sp=0x000000eeb10fa280
Event: 136.991 Thread 0x0000027dbf1487b0 DEOPT UNPACKING pc=0x0000027dcd227da2 sp=0x000000eeb10fa230 mode 2
Event: 136.991 Thread 0x0000027dbf1487b0 Uncommon trap: trap_request=0xffffff45 fr.pc=0x0000027dce054184 relative=0x0000000000001924
Event: 136.991 Thread 0x0000027dbf1487b0 Uncommon trap: reason=unstable_if action=reinterpret pc=0x0000027dce054184 method=sun.java2d.marlin.Renderer._endRendering(II)V @ 733 c2
Event: 136.991 Thread 0x0000027dbf1487b0 DEOPT PACKING pc=0x0000027dce054184 sp=0x000000eeb10faaf0
Event: 136.991 Thread 0x0000027dbf1487b0 DEOPT UNPACKING pc=0x0000027dcd227da2 sp=0x000000eeb10fa8c0 mode 2
Event: 136.992 Thread 0x0000027dbf1487b0 Uncommon trap: trap_request=0xffffff45 fr.pc=0x0000027dce0288c0 relative=0x0000000000002660
Event: 136.992 Thread 0x0000027dbf1487b0 Uncommon trap: reason=unstable_if action=reinterpret pc=0x0000027dce0288c0 method=sun.java2d.marlin.Renderer._endRendering(II)V @ 733 c2
Event: 136.992 Thread 0x0000027dbf1487b0 DEOPT PACKING pc=0x0000027dce0288c0 sp=0x000000eeb10faa20
Event: 136.992 Thread 0x0000027dbf1487b0 DEOPT UNPACKING pc=0x0000027dcd227da2 sp=0x000000eeb10fa8c0 mode 2
Event: 136.993 Thread 0x0000027dbf1487b0 Uncommon trap: trap_request=0xffffff45 fr.pc=0x0000027dcdfff3bc relative=0x000000000000291c
Event: 136.993 Thread 0x0000027dbf1487b0 Uncommon trap: reason=unstable_if action=reinterpret pc=0x0000027dcdfff3bc method=sun.java2d.marlin.Renderer._endRendering(II)V @ 733 c2
Event: 136.993 Thread 0x0000027dbf1487b0 DEOPT PACKING pc=0x0000027dcdfff3bc sp=0x000000eeb10faa50
Event: 136.993 Thread 0x0000027dbf1487b0 DEOPT UNPACKING pc=0x0000027dcd227da2 sp=0x000000eeb10fa8c0 mode 2
Event: 137.146 Thread 0x0000027dbf1487b0 Uncommon trap: trap_request=0xffffffbe fr.pc=0x0000027dce475a2c relative=0x000000000000428c
Event: 137.146 Thread 0x0000027dbf1487b0 Uncommon trap: reason=profile_predicate action=maybe_recompile pc=0x0000027dce475a2c method=org.eclipse.jface.action.MenuManager.update(ZZ)V @ 243 c2
Event: 137.147 Thread 0x0000027dbf1487b0 DEOPT PACKING pc=0x0000027dce475a2c sp=0x000000eeb10fc5a0
Event: 137.147 Thread 0x0000027dbf1487b0 DEOPT UNPACKING pc=0x0000027dcd227da2 sp=0x000000eeb10fc578 mode 2

Classes loaded (20 events):
Event: 86.402 Loading class jdk/internal/util/xml/impl/Attrs
Event: 86.402 Loading class jdk/internal/org/xml/sax/Attributes
Event: 86.402 Loading class jdk/internal/org/xml/sax/Attributes done
Event: 86.402 Loading class jdk/internal/util/xml/impl/Attrs done
Event: 86.402 Loading class jdk/internal/util/xml/impl/Pair
Event: 86.402 Loading class jdk/internal/util/xml/impl/Pair done
Event: 86.402 Loading class jdk/internal/org/xml/sax/InputSource
Event: 86.402 Loading class jdk/internal/org/xml/sax/InputSource done
Event: 86.402 Loading class jdk/internal/util/xml/impl/Input
Event: 86.402 Loading class jdk/internal/util/xml/impl/Input done
Event: 86.402 Loading class jdk/internal/util/xml/impl/ReaderUTF8
Event: 86.403 Loading class jdk/internal/util/xml/impl/ReaderUTF8 done
Event: 88.461 Loading class java/util/regex/Pattern$LazyLoop
Event: 88.461 Loading class java/util/regex/Pattern$LazyLoop done
Event: 88.653 Loading class java/util/IllegalFormatConversionException
Event: 88.653 Loading class java/util/IllegalFormatException
Event: 88.653 Loading class java/util/IllegalFormatException done
Event: 88.653 Loading class java/util/IllegalFormatConversionException done
Event: 88.826 Loading class java/lang/MatchException
Event: 88.826 Loading class java/lang/MatchException done

Classes unloaded (1 events):
Event: 22.555 Thread 0x0000027dd780f3c0 Unloading class 0x0000027ddcca9800 'java/lang/invoke/LambdaForm$DMH+0x0000027ddcca9800'

Classes redefined (0 events):
No events

Internal exceptions (20 events):
Event: 30.005 Thread 0x0000027e26ebc9f0 Exception <a 'java/lang/IncompatibleClassChangeError'{0x00000000952d68a8}: Found class java.lang.Object, but interface was expected> (0x00000000952d68a8) 
thrown [s\src\hotspot\share\interpreter\linkResolver.cpp, line 840]
Event: 30.005 Thread 0x0000027e26ebc9f0 Exception <a 'java/lang/IncompatibleClassChangeError'{0x00000000952dadd0}: Found class java.lang.Object, but interface was expected> (0x00000000952dadd0) 
thrown [s\src\hotspot\share\interpreter\linkResolver.cpp, line 840]
Event: 30.006 Thread 0x0000027e26ebc9f0 Exception <a 'java/lang/IncompatibleClassChangeError'{0x00000000952dd108}: Found class java.lang.Object, but interface was expected> (0x00000000952dd108) 
thrown [s\src\hotspot\share\interpreter\linkResolver.cpp, line 840]
Event: 30.450 Thread 0x0000027e27148290 Exception <a 'java/io/FileNotFoundException'{0x0000000093adc820}> (0x0000000093adc820) 
thrown [s\src\hotspot\share\prims\jni.cpp, line 520]
Event: 30.453 Thread 0x0000027e27148290 Exception <a 'java/io/FileNotFoundException'{0x000000009392a550}> (0x000000009392a550) 
thrown [s\src\hotspot\share\prims\jni.cpp, line 520]
Event: 30.453 Thread 0x0000027e27148290 Exception <a 'java/io/FileNotFoundException'{0x000000009392b448}> (0x000000009392b448) 
thrown [s\src\hotspot\share\prims\jni.cpp, line 520]
Event: 30.461 Thread 0x0000027e27148290 Exception <a 'java/io/FileNotFoundException'{0x00000000939aa088}> (0x00000000939aa088) 
thrown [s\src\hotspot\share\prims\jni.cpp, line 520]
Event: 30.461 Thread 0x0000027e27148290 Exception <a 'java/io/FileNotFoundException'{0x00000000939ab328}> (0x00000000939ab328) 
thrown [s\src\hotspot\share\prims\jni.cpp, line 520]
Event: 30.461 Thread 0x0000027e27148290 Exception <a 'java/io/FileNotFoundException'{0x00000000939ac308}> (0x00000000939ac308) 
thrown [s\src\hotspot\share\prims\jni.cpp, line 520]
Event: 35.462 Thread 0x0000027e26ec1220 Exception <a 'java/io/FileNotFoundException'{0x0000000091cb92d0}> (0x0000000091cb92d0) 
thrown [s\src\hotspot\share\prims\jni.cpp, line 520]
Event: 51.338 Thread 0x0000027dbf1487b0 Implicit null exception at 0x0000027dcd7f312d to 0x0000027dcd7f4404
Event: 54.908 Thread 0x0000027dbf1487b0 Exception <a 'sun/nio/fs/WindowsException'{0x000000009004d2b0}> (0x000000009004d2b0) 
thrown [s\src\hotspot\share\prims\jni.cpp, line 520]
Event: 66.843 Thread 0x0000027dbf1487b0 Exception <a 'sun/nio/fs/WindowsException'{0x000000008feb01e0}> (0x000000008feb01e0) 
thrown [s\src\hotspot\share\prims\jni.cpp, line 520]
Event: 66.846 Thread 0x0000027dbf1487b0 Exception <a 'sun/nio/fs/WindowsException'{0x000000008fed06c8}> (0x000000008fed06c8) 
thrown [s\src\hotspot\share\prims\jni.cpp, line 520]
Event: 80.554 Thread 0x0000027e27144780 Implicit null exception at 0x0000027dcdd6af5a to 0x0000027dcdd6afa4
Event: 80.699 Thread 0x0000027e20c62700 Exception <a 'java/lang/NoSuchMethodError'{0x000000009eb56130}: 'void java.lang.invoke.DirectMethodHandle$Holder.invokeStatic(java.lang.Object, int, java.lang.Object)'> (0x000000009eb56130) 
thrown [s\src\hotspot\share\interpreter\linkResolver.cpp, line 773]
Event: 86.461 Thread 0x0000027e26ebf150 Exception <a 'sun/nio/fs/WindowsException'{0x000000009d6e2468}> (0x000000009d6e2468) 
thrown [s\src\hotspot\share\prims\jni.cpp, line 520]
Event: 86.465 Thread 0x0000027e26ebf150 Exception <a 'sun/nio/fs/WindowsException'{0x000000009d50b348}> (0x000000009d50b348) 
thrown [s\src\hotspot\share\prims\jni.cpp, line 520]
Event: 88.577 Thread 0x0000027e27395980 Exception <a 'java/lang/NoSuchMethodError'{0x000000009c18f868}: 'void java.lang.invoke.DirectMethodHandle$Holder.invokeStatic(java.lang.Object, java.lang.Object, java.lang.Object, java.lang.Object, java.lang.Object, java.lang.Object, java.lang.Object)'> (0x000000009c18f868) 
thrown [s\src\hotspot\share\interpreter\linkResolver.cpp, line 773]
Event: 89.174 Thread 0x0000027e27395980 Implicit null exception at 0x0000027dce587eeb to 0x0000027dce588f48

ZGC Phase Switch (0 events):
No events

VM Operations (20 events):
Event: 89.162 Executing VM operation: G1CollectForAllocation (G1 Evacuation Pause)
Event: 89.173 Executing VM operation: G1CollectForAllocation (G1 Evacuation Pause) done
Event: 89.312 Executing VM operation: G1PauseRemark
Event: 89.322 Executing VM operation: G1PauseRemark done
Event: 89.385 Executing VM operation: G1PauseCleanup
Event: 89.385 Executing VM operation: G1PauseCleanup done
Event: 90.385 Executing VM operation: Cleanup
Event: 90.385 Executing VM operation: Cleanup done
Event: 91.386 Executing VM operation: Cleanup
Event: 91.386 Executing VM operation: Cleanup done
Event: 120.231 Executing VM operation: HandshakeAllThreads (HandshakeForDeflation)
Event: 120.232 Executing VM operation: HandshakeAllThreads (HandshakeForDeflation) done
Event: 120.232 Executing VM operation: RendezvousGCThreads
Event: 120.232 Executing VM operation: RendezvousGCThreads done
Event: 135.239 Executing VM operation: Cleanup
Event: 135.241 Executing VM operation: Cleanup done
Event: 136.241 Executing VM operation: Cleanup
Event: 136.241 Executing VM operation: Cleanup done
Event: 137.241 Executing VM operation: Cleanup
Event: 137.241 Executing VM operation: Cleanup done

Memory protections (0 events):
No events

Nmethod flushes (20 events):
Event: 89.321 Thread 0x0000027dd780f3c0 flushing  nmethod 0x0000027dc66fcc10
Event: 89.321 Thread 0x0000027dd780f3c0 flushing osr nmethod 0x0000027dc76ed510
Event: 89.321 Thread 0x0000027dd780f3c0 flushing  nmethod 0x0000027dce320490
Event: 89.321 Thread 0x0000027dd780f3c0 flushing osr nmethod 0x0000027dc6c61590
Event: 89.321 Thread 0x0000027dd780f3c0 flushing osr nmethod 0x0000027dc662a810
Event: 89.321 Thread 0x0000027dd780f3c0 flushing  nmethod 0x0000027dc70a6f10
Event: 89.321 Thread 0x0000027dd780f3c0 flushing  nmethod 0x0000027dc6233790
Event: 89.321 Thread 0x0000027dd780f3c0 flushing  nmethod 0x0000027dc5f29690
Event: 89.321 Thread 0x0000027dd780f3c0 flushing  nmethod 0x0000027dc6af3590
Event: 89.321 Thread 0x0000027dd780f3c0 flushing  nmethod 0x0000027dc5ca3f10
Event: 89.321 Thread 0x0000027dd780f3c0 flushing  nmethod 0x0000027dc5ca8c10
Event: 89.321 Thread 0x0000027dd780f3c0 flushing osr nmethod 0x0000027dc5dd6e10
Event: 89.321 Thread 0x0000027dd780f3c0 flushing  nmethod 0x0000027dc6660f10
Event: 89.321 Thread 0x0000027dd780f3c0 flushing  nmethod 0x0000027dc67c1e10
Event: 89.321 Thread 0x0000027dd780f3c0 flushing  nmethod 0x0000027dc7590710
Event: 89.321 Thread 0x0000027dd780f3c0 flushing osr nmethod 0x0000027dc7806290
Event: 89.321 Thread 0x0000027dd780f3c0 flushing  nmethod 0x0000027dc68a2090
Event: 89.321 Thread 0x0000027dd780f3c0 flushing  nmethod 0x0000027dcdfba090
Event: 89.321 Thread 0x0000027dd780f3c0 flushing  nmethod 0x0000027dc5d50210
Event: 89.321 Thread 0x0000027dd780f3c0 flushing  nmethod 0x0000027dc5fa0110

Events (20 events):
Event: 111.835 Thread 0x0000027e26ebf7e0 Thread exited: 0x0000027e26ebf7e0
Event: 125.127 Thread 0x0000027e228400f0 Thread added: 0x0000027e36d508a0
Event: 133.702 Thread 0x0000027dbf1487b0 Thread added: 0x0000027e36d53690
Event: 133.703 Thread 0x0000027e36d53690 Thread exited: 0x0000027e36d53690
Event: 134.233 Thread 0x0000027dbf1487b0 Thread added: 0x0000027e36d53690
Event: 134.234 Thread 0x0000027e36d53690 Thread exited: 0x0000027e36d53690
Event: 134.302 Thread 0x0000027dbf1487b0 Thread added: 0x0000027e36d53690
Event: 134.303 Thread 0x0000027e36d53690 Thread exited: 0x0000027e36d53690
Event: 135.717 Thread 0x0000027dbf1487b0 Thread added: 0x0000027e36d53690
Event: 135.717 Thread 0x0000027e36d53690 Thread exited: 0x0000027e36d53690
Event: 135.733 Thread 0x0000027dbf1487b0 Thread added: 0x0000027e36d53690
Event: 135.734 Thread 0x0000027e36d53690 Thread exited: 0x0000027e36d53690
Event: 135.784 Thread 0x0000027dbf1487b0 Thread added: 0x0000027e36d53690
Event: 135.784 Thread 0x0000027e36d53690 Thread exited: 0x0000027e36d53690
Event: 135.823 Thread 0x0000027dbf1487b0 Thread added: 0x0000027e36d53690
Event: 135.823 Thread 0x0000027e36d53690 Thread exited: 0x0000027e36d53690
Event: 136.620 Thread 0x0000027dd785a990 Thread added: 0x0000027e368c8af0
Event: 136.621 Thread 0x0000027dd785a990 Thread added: 0x0000027e25d23e40
Event: 136.937 Thread 0x0000027e25d23e40 Thread exited: 0x0000027e25d23e40
Event: 139.627 Thread 0x0000027e368c8af0 Thread exited: 0x0000027e368c8af0


Dynamic libraries:
0x00007ff74db10000 - 0x00007ff74db99000 	C:\Users\samut\eclipse\java-2025-03\eclipse\eclipse.exe
0x00007ffa45880000 - 0x00007ffa45ae7000 	C:\WINDOWS\SYSTEM32\ntdll.dll
0x00007ffa44820000 - 0x00007ffa448e9000 	C:\WINDOWS\System32\KERNEL32.DLL
0x00007ffa43010000 - 0x00007ffa43401000 	C:\WINDOWS\System32\KERNELBASE.dll
0x00007ffa43800000 - 0x00007ffa439c5000 	C:\WINDOWS\System32\USER32.dll
0x00007ffa43540000 - 0x00007ffa43567000 	C:\WINDOWS\System32\win32u.dll
0x00007ffa446f0000 - 0x00007ffa4471b000 	C:\WINDOWS\System32\GDI32.dll
0x00007ffa43410000 - 0x00007ffa4353b000 	C:\WINDOWS\System32\gdi32full.dll
0x00007ffa43570000 - 0x00007ffa43613000 	C:\WINDOWS\System32\msvcp_win.dll
0x00007ffa42220000 - 0x00007ffa4236b000 	C:\WINDOWS\System32\ucrtbase.dll
0x00007ffa28c20000 - 0x00007ffa28eb3000 	C:\WINDOWS\WinSxS\amd64_microsoft.windows.common-controls_6595b64144ccf1df_6.0.26100.8037_none_3e092faae333b53b\COMCTL32.dll
0x00007ffa45080000 - 0x00007ffa45129000 	C:\WINDOWS\System32\msvcrt.dll
0x00007ffa456c0000 - 0x00007ffa456f1000 	C:\WINDOWS\System32\IMM32.DLL
0x00007ffa368c0000 - 0x00007ffa36905000 	C:\Users\samut\.p2\pool\plugins\org.eclipse.equinox.launcher.win32.win32.x86_64_1.3.0.v20260203-2149\eclipse_11919.dll
0x00007ffa453b0000 - 0x00007ffa4546b000 	C:\WINDOWS\System32\ADVAPI32.dll
0x00007ffa444c0000 - 0x00007ffa44567000 	C:\WINDOWS\System32\sechost.dll
0x00007ffa443a0000 - 0x00007ffa444b8000 	C:\WINDOWS\System32\RPCRT4.dll
0x00007ffa43d70000 - 0x00007ffa43f05000 	C:\WINDOWS\System32\ole32.dll
0x00007ffa439d0000 - 0x00007ffa43d52000 	C:\WINDOWS\System32\combase.dll
0x00007ffa3f6b0000 - 0x00007ffa3f75a000 	C:\WINDOWS\system32\uxtheme.dll
0x00007ffa451c0000 - 0x00007ffa4531d000 	C:\WINDOWS\System32\MSCTF.dll
0x00007ffa40ec0000 - 0x00007ffa40edb000 	C:\WINDOWS\SYSTEM32\kernel.appcore.dll
0x00007ffa426f0000 - 0x00007ffa42795000 	C:\WINDOWS\System32\bcryptPrimitives.dll
0x00007ffa45780000 - 0x00007ffa4582e000 	C:\WINDOWS\System32\clbcatq.dll
0x00007ffa445f0000 - 0x00007ffa446c7000 	C:\WINDOWS\System32\OLEAUT32.dll
0x00007ffa09300000 - 0x00007ffa09448000 	C:\WINDOWS\SYSTEM32\textinputframework.dll
0x00007ffa3f190000 - 0x00007ffa3f2b7000 	C:\WINDOWS\SYSTEM32\CoreMessaging.dll
0x00007ffa39a30000 - 0x00007ffa39d12000 	C:\WINDOWS\SYSTEM32\CoreUIComponents.dll
0x00007ffa42370000 - 0x00007ffa424da000 	C:\WINDOWS\System32\wintypes.dll
0x00007ffa41760000 - 0x00007ffa4176c000 	C:\WINDOWS\SYSTEM32\CRYPTBASE.DLL
0x00007ff9b0d30000 - 0x00007ff9b1ac0000 	C:\Users\samut\.p2\pool\plugins\org.eclipse.justj.openjdk.hotspot.jre.full.win32.x86_64_21.0.7.v20250502-0916\jre\bin\server\jvm.dll
0x00007ffa455e0000 - 0x00007ffa45654000 	C:\WINDOWS\System32\WS2_32.dll
0x00007ffa41fc0000 - 0x00007ffa4201e000 	C:\WINDOWS\SYSTEM32\POWRPROF.dll
0x00007ffa36910000 - 0x00007ffa36945000 	C:\WINDOWS\SYSTEM32\WINMM.dll
0x00007ffa36220000 - 0x00007ffa3622b000 	C:\WINDOWS\SYSTEM32\VERSION.dll
0x00007ffa24df0000 - 0x00007ffa24e0e000 	C:\WINDOWS\SYSTEM32\VCRUNTIME140.dll
0x00007ffa3ab30000 - 0x00007ffa3ab3b000 	C:\WINDOWS\SYSTEM32\VCRUNTIME140_1.dll
0x00007ffa41fa0000 - 0x00007ffa41fb4000 	C:\WINDOWS\SYSTEM32\UMPDC.dll
0x00007ffa3aa80000 - 0x00007ffa3aa8a000 	C:\Users\samut\.p2\pool\plugins\org.eclipse.justj.openjdk.hotspot.jre.full.win32.x86_64_21.0.7.v20250502-0916\jre\bin\jimage.dll
0x00007ffa400d0000 - 0x00007ffa40312000 	C:\WINDOWS\SYSTEM32\DBGHELP.DLL
0x00007ffa27150000 - 0x00007ffa2718b000 	C:\WINDOWS\SYSTEM32\dbgcore.DLL
0x00007ffa30490000 - 0x00007ffa304af000 	C:\Users\samut\.p2\pool\plugins\org.eclipse.justj.openjdk.hotspot.jre.full.win32.x86_64_21.0.7.v20250502-0916\jre\bin\java.dll
0x00007ffa448f0000 - 0x00007ffa4504f000 	C:\WINDOWS\System32\SHELL32.dll
0x00007ffa427a0000 - 0x00007ffa43004000 	C:\WINDOWS\System32\windows.storage.dll
0x00007ffa44720000 - 0x00007ffa44817000 	C:\WINDOWS\System32\SHCORE.dll
0x00007ffa45570000 - 0x00007ffa455d7000 	C:\WINDOWS\System32\shlwapi.dll
0x00007ffa42080000 - 0x00007ffa420a9000 	C:\WINDOWS\SYSTEM32\profapi.dll
0x00007ffa2aab0000 - 0x00007ffa2aac8000 	C:\Users\samut\.p2\pool\plugins\org.eclipse.justj.openjdk.hotspot.jre.full.win32.x86_64_21.0.7.v20250502-0916\jre\bin\zip.dll
0x00007ffa30600000 - 0x00007ffa30610000 	C:\Users\samut\.p2\pool\plugins\org.eclipse.justj.openjdk.hotspot.jre.full.win32.x86_64_21.0.7.v20250502-0916\jre\bin\net.dll
0x00007ffa38bd0000 - 0x00007ffa38cf7000 	C:\WINDOWS\SYSTEM32\WINHTTP.dll
0x00007ffa41440000 - 0x00007ffa414ab000 	C:\WINDOWS\system32\mswsock.dll
0x00007ffa2a1d0000 - 0x00007ffa2a1e6000 	C:\Users\samut\.p2\pool\plugins\org.eclipse.justj.openjdk.hotspot.jre.full.win32.x86_64_21.0.7.v20250502-0916\jre\bin\nio.dll
0x00007ffa30460000 - 0x00007ffa30470000 	C:\Users\samut\.p2\pool\plugins\org.eclipse.justj.openjdk.hotspot.jre.full.win32.x86_64_21.0.7.v20250502-0916\jre\bin\verify.dll
0x00007ffa30430000 - 0x00007ffa3043e000 	C:\Users\samut\.p2\pool\plugins\org.eclipse.justj.openjdk.hotspot.jre.full.win32.x86_64_21.0.7.v20250502-0916\jre\bin\sunmscapi.dll
0x00007ffa424e0000 - 0x00007ffa42657000 	C:\WINDOWS\System32\CRYPT32.dll
0x00007ffa41960000 - 0x00007ffa41990000 	C:\WINDOWS\SYSTEM32\ncrypt.dll
0x00007ffa41910000 - 0x00007ffa4194f000 	C:\WINDOWS\SYSTEM32\NTASN1.dll
0x00007ffa417b0000 - 0x00007ffa417c3000 	C:\WINDOWS\SYSTEM32\MSASN1.dll
0x00007ffa41740000 - 0x00007ffa4175b000 	C:\WINDOWS\SYSTEM32\CRYPTSP.dll
0x00007ffa40e20000 - 0x00007ffa40e59000 	C:\WINDOWS\system32\rsaenh.dll
0x00007ffa414b0000 - 0x00007ffa414e0000 	C:\WINDOWS\SYSTEM32\gpapi.dll
0x00007ffa42050000 - 0x00007ffa4207a000 	C:\WINDOWS\SYSTEM32\bcrypt.dll
0x00007ffa41510000 - 0x00007ffa41542000 	C:\WINDOWS\SYSTEM32\USERENV.dll
0x00007ffa40860000 - 0x00007ffa40893000 	C:\WINDOWS\SYSTEM32\IPHLPAPI.DLL
0x00007ffa45070000 - 0x00007ffa4507a000 	C:\WINDOWS\System32\NSI.dll
0x00007ffa1bfd0000 - 0x00007ffa1c019000 	C:\Users\samut\AppData\Local\Temp\jna-109203134\jna7804362357505419538.dll
0x00007ffa43d60000 - 0x00007ffa43d68000 	C:\WINDOWS\System32\PSAPI.DLL
0x00007ffa39050000 - 0x00007ffa3906d000 	C:\WINDOWS\SYSTEM32\dhcpcsvc6.DLL
0x00007ffa38d90000 - 0x00007ffa38db3000 	C:\WINDOWS\SYSTEM32\dhcpcsvc.DLL
0x00007ffa1f470000 - 0x00007ffa1f491000 	C:\Users\samut\eclipse\java-2025-03\eclipse\configuration\org.eclipse.osgi\1044\0\.cp\swt-osversion-win32-4972r7.dll
0x00007ff9fbf40000 - 0x00007ff9fc00a000 	C:\Users\samut\eclipse\java-2025-03\eclipse\configuration\org.eclipse.osgi\1044\0\.cp\swt-win32-4972r7.dll
0x00007ffa45470000 - 0x00007ffa4555e000 	C:\WINDOWS\System32\COMDLG32.dll
0x00007ffa0b160000 - 0x00007ffa0b20f000 	C:\WINDOWS\SYSTEM32\WINSPOOL.DRV
0x00007ff9fdc10000 - 0x00007ff9fdc86000 	C:\WINDOWS\SYSTEM32\OLEACC.dll
0x00007ff9b4ca0000 - 0x00007ff9b4cb9000 	C:\WINDOWS\SYSTEM32\USP10.dll
0x00007ffa29aa0000 - 0x00007ffa29d28000 	C:\WINDOWS\SYSTEM32\WININET.dll
0x00007ffa3d4c0000 - 0x00007ffa3d5c3000 	C:\WINDOWS\SYSTEM32\PROPSYS.dll
0x00007ffa24a70000 - 0x00007ffa24c4d000 	C:\WINDOWS\SYSTEM32\urlmon.dll
0x00007ffa279f0000 - 0x00007ffa279f8000 	C:\WINDOWS\SYSTEM32\MSIMG32.dll
0x00007ffa3f950000 - 0x00007ffa3f97e000 	C:\WINDOWS\SYSTEM32\dwmapi.dll
0x00007ffa41ca0000 - 0x00007ffa41cf7000 	C:\WINDOWS\SYSTEM32\cfgmgr32.dll
0x00007ffa247a0000 - 0x00007ffa24a64000 	C:\WINDOWS\SYSTEM32\iertutil.dll
0x00007ffa40be0000 - 0x00007ffa40bed000 	C:\WINDOWS\SYSTEM32\netutils.dll
0x00007ffa24eb0000 - 0x00007ffa24ed9000 	C:\WINDOWS\SYSTEM32\srvcli.dll
0x00007ff9fa410000 - 0x00007ff9fa41f000 	C:\WINDOWS\SYSTEM32\LINKINFO.dll
0x00007ffa3f5d0000 - 0x00007ffa3f66f000 	C:\WINDOWS\SYSTEM32\apphelp.dll
0x00007ffa3e000000 - 0x00007ffa3e267000 	C:\WINDOWS\SYSTEM32\DWrite.dll
0x00007ffa1c930000 - 0x00007ffa1c95c000 	C:\Users\samut\eclipse\java-2025-03\eclipse\configuration\org.eclipse.osgi\1044\0\.cp\swt-gdip-win32-4972r7.dll
0x00007ffa298c0000 - 0x00007ffa29a98000 	C:\WINDOWS\WinSxS\amd64_microsoft.windows.gdiplus_6595b64144ccf1df_1.1.26100.8036_none_6ef439583dc61568\gdiplus.dll
0x00007ffa3ddb0000 - 0x00007ffa3dfdd000 	C:\WINDOWS\SYSTEM32\WindowsCodecs.dll
0x00007ffa0e3d0000 - 0x00007ffa0e3e8000 	C:\WINDOWS\system32\napinsp.dll
0x00007ffa408a0000 - 0x00007ffa409ca000 	C:\WINDOWS\SYSTEM32\DNSAPI.dll
0x00007ffa0e3b0000 - 0x00007ffa0e3c2000 	C:\WINDOWS\System32\winrnr.dll
0x00007ffa050e0000 - 0x00007ffa05102000 	C:\WINDOWS\system32\nlansp_c.dll
0x00007ffa30b80000 - 0x00007ffa30b96000 	C:\WINDOWS\system32\wshbth.dll
0x00007ffa363b0000 - 0x00007ffa363bb000 	C:\Windows\System32\rasadhlp.dll
0x00007ffa399a0000 - 0x00007ffa39a26000 	C:\WINDOWS\System32\fwpuclnt.dll
0x00007ffa21e40000 - 0x00007ffa21ef3000 	C:\WINDOWS\SYSTEM32\TextShaping.dll
0x00007ff9d1610000 - 0x00007ff9d179e000 	C:\Users\samut\.p2\pool\plugins\org.eclipse.justj.openjdk.hotspot.jre.full.win32.x86_64_21.0.7.v20250502-0916\jre\bin\awt.dll
0x00007ff9fe340000 - 0x00007ff9fe3c8000 	C:\WINDOWS\SYSTEM32\MSVCP140.dll
0x00007ff9fe1c0000 - 0x00007ff9fe242000 	C:\Users\samut\.p2\pool\plugins\org.eclipse.justj.openjdk.hotspot.jre.full.win32.x86_64_21.0.7.v20250502-0916\jre\bin\mlib_image.dll
0x00007ffa27a40000 - 0x00007ffa27a9a000 	C:\WINDOWS\system32\dataexchange.dll
0x00007ffa2fe50000 - 0x00007ffa30094000 	C:\WINDOWS\system32\twinapi.appcore.dll
0x00007ffa2f240000 - 0x00007ffa2f284000 	C:\WINDOWS\system32\mlang.dll
0x00007ff9fc280000 - 0x00007ff9fc307000 	C:\Users\samut\.p2\pool\plugins\org.eclipse.justj.openjdk.hotspot.jre.full.win32.x86_64_21.0.7.v20250502-0916\jre\bin\freetype.dll
0x00007ff9c3780000 - 0x00007ff9c385b000 	C:\Users\samut\.p2\pool\plugins\org.eclipse.justj.openjdk.hotspot.jre.full.win32.x86_64_21.0.7.v20250502-0916\jre\bin\fontmanager.dll
0x00007ff9fc410000 - 0x00007ff9fc6e8000 	C:\WINDOWS\system32\explorerframe.dll
0x00007ffa21be0000 - 0x00007ffa21c9f000 	C:\Windows\System32\Windows.FileExplorer.Common.dll
0x00007ff9fa690000 - 0x00007ff9fa736000 	C:\WINDOWS\SYSTEM32\ntshrui.dll
0x00007ffa16920000 - 0x00007ffa16933000 	C:\WINDOWS\SYSTEM32\cscapi.dll
0x00007ffa3d860000 - 0x00007ffa3d914000 	C:\WINDOWS\SYSTEM32\policymanager.dll
0x00007ffa1f7b0000 - 0x00007ffa1f8c4000 	C:\WINDOWS\SYSTEM32\mrmcorer.dll
0x00007ffa2db50000 - 0x00007ffa2db6a000 	C:\WINDOWS\SYSTEM32\windows.staterepositorycore.dll
0x00007ffa2a940000 - 0x00007ffa2aa96000 	C:\Windows\System32\Windows.UI.dll
0x00007ffa13660000 - 0x00007ffa13694000 	C:\WINDOWS\SYSTEM32\bcp47mrm.dll
0x00007ffa2ac10000 - 0x00007ffa2ac57000 	C:\WINDOWS\SYSTEM32\windows.staterepositoryclient.dll
0x00007ffa30330000 - 0x00007ffa30339000 	C:\Users\samut\.p2\pool\plugins\org.eclipse.justj.openjdk.hotspot.jre.full.win32.x86_64_21.0.7.v20250502-0916\jre\bin\extnet.dll
0x00007ffa1b030000 - 0x00007ffa1b058000 	C:\Users\samut\eclipse\java-2025-03\eclipse\configuration\org.eclipse.osgi\1044\0\.cp\WebView2Loader.dll
0x00007ff9f0ec0000 - 0x00007ff9f1719000 	C:\Program Files (x86)\Microsoft\EdgeWebView\Application\146.0.3856.109\EBWebView\x64\EmbeddedBrowserWebView.dll
0x00007ffa13390000 - 0x00007ffa133b9000 	C:\WINDOWS\system32\edputil.dll
0x00007ffa06600000 - 0x00007ffa06a20000 	C:\WINDOWS\SYSTEM32\UIAutomationCore.DLL
0x00007ffa41ed0000 - 0x00007ffa41f72000 	C:\WINDOWS\SYSTEM32\sxs.dll

dbghelp: loaded successfully - version: 4.0.5 - missing functions: none
symbol engine: initialized successfully - sym options: 0x614 - pdb path: .;C:\Users\samut\eclipse\java-2025-03\eclipse;C:\WINDOWS\SYSTEM32;C:\WINDOWS\WinSxS\amd64_microsoft.windows.common-controls_6595b64144ccf1df_6.0.26100.8037_none_3e092faae333b53b;C:\Users\samut\.p2\pool\plugins\org.eclipse.equinox.launcher.win32.win32.x86_64_1.3.0.v20260203-2149;C:\Users\samut\.p2\pool\plugins\org.eclipse.justj.openjdk.hotspot.jre.full.win32.x86_64_21.0.7.v20250502-0916\jre\bin\server;C:\Users\samut\.p2\pool\plugins\org.eclipse.justj.openjdk.hotspot.jre.full.win32.x86_64_21.0.7.v20250502-0916\jre\bin;C:\Users\samut\AppData\Local\Temp\jna-109203134;C:\Users\samut\eclipse\java-2025-03\eclipse\configuration\org.eclipse.osgi\1044\0\.cp;c:\windows\nilesoft;C:\WINDOWS\WinSxS\amd64_microsoft.windows.gdiplus_6595b64144ccf1df_1.1.26100.8036_none_6ef439583dc61568;C:\Program Files (x86)\Microsoft\EdgeWebView\Application\146.0.3856.109\EBWebView\x64

VM Arguments:
jvm_args: -Declipse.p2.max.threads=10 -Doomph.update.url=https://download.eclipse.org/oomph/updates/milestone/latest -Doomph.redirection.index.redirection=index:/->https://raw.githubusercontent.com/eclipse-oomph/oomph/master/setups/ --add-opens=java.base/java.lang=ALL-UNNAMED -Djava.security.manager=allow -XX:CompileCommand=quiet -XX:CompileCommand=exclude org.eclipse.jdt.internal.core.dom.rewrite.ASTRewriteAnalyzer::getExtendedRange -Dorg.eclipse.ecf.provider.filetransfer.excludeContributors=org.eclipse.ecf.provider.filetransfer.httpclientjava -Dosgi.requiredJavaVersion=21 -Dosgi.instance.area.default=@user.home/eclipse-workspace -Dosgi.dataAreaRequiresExplicitInit=true -Dorg.eclipse.swt.graphics.Resource.reportNonDisposed=true -Declipse.e4.inject.javax.warning=false -Declipse.platform.mergeTrust=true -XX:+UseG1GC -XX:+UseStringDeduplication --add-modules=ALL-SYSTEM 
java_command: Eclipse
java_class_path (initial): C:\Users\samut\eclipse\java-2025-03\eclipse\\plugins/org.eclipse.equinox.launcher_1.7.100.v20251111-0406.jar
Launcher Type: generic

[Global flags]
     intx CICompilerCount                          = 4                                         {product} {ergonomic}
ccstrlist CompileCommand                           = quiet
          CompileCommand                          += exclude org.eclipse.jdt.internal.core.dom.rewrite.ASTRewriteAnalyzer::getExtendedRange            {product} {command line}
     uint ConcGCThreads                            = 2                                         {product} {ergonomic}
     uint G1ConcRefinementThreads                  = 8                                         {product} {ergonomic}
   size_t G1HeapRegionSize                         = 1048576                                   {product} {ergonomic}
    uintx GCDrainStackTargetSize                   = 64                                        {product} {ergonomic}
   size_t InitialHeapSize                          = 130023424                                 {product} {ergonomic}
   size_t MarkStackSize                            = 4194304                                   {product} {ergonomic}
   size_t MaxHeapSize                              = 2067791872                                {product} {ergonomic}
   size_t MaxNewSize                               = 1240465408                                {product} {ergonomic}
   size_t MinHeapDeltaBytes                        = 1048576                                   {product} {ergonomic}
   size_t MinHeapSize                              = 8388608                                   {product} {ergonomic}
    uintx NonNMethodCodeHeapSize                   = 5839372                                {pd product} {ergonomic}
    uintx NonProfiledCodeHeapSize                  = 122909434                              {pd product} {ergonomic}
    uintx ProfiledCodeHeapSize                     = 122909434                              {pd product} {ergonomic}
    uintx ReservedCodeCacheSize                    = 251658240                              {pd product} {ergonomic}
     bool SegmentedCodeCache                       = true                                      {product} {ergonomic}
   size_t SoftMaxHeapSize                          = 2067791872                             {manageable} {ergonomic}
     bool UseCompressedOops                        = true                           {product lp64_product} {ergonomic}
     bool UseG1GC                                  = true                                      {product} {command line}
     bool UseLargePagesIndividualAllocation        = false                                  {pd product} {ergonomic}
     bool UseStringDeduplication                   = true                                      {product} {command line}

Logging:
Log output configuration:
 #0: stdout all=warning uptime,level,tags foldmultilines=false
 #1: stderr all=off uptime,level,tags foldmultilines=false

Environment Variables:
JAVA_HOME=C:\Program Files\Java\jdk-24
PATH=C:\Program Files\Common Files\Oracle\Java\javapath;C:\Program Files (x86)\Common Files\Oracle\Java\java8path;C:\Program Files (x86)\Common Files\Oracle\Java\javapath;C:\Program Files\Java\jdk-24\bin;C:\Program Files\nodejs\;C:\Program Files\dotnet\;;C:\WINDOWS\system32;C:\WINDOWS;C:\WINDOWS\System32\Wbem;C:\WINDOWS\System32\WindowsPowerShell\v1.0\;C:\WINDOWS\System32\OpenSSH\;C:\Program Files\PuTTY\;C:\Users\samut\Downloads\bin;C:\Users\samut\AppData\Local\Programs\Python\Launcher\;C:\Users\samut\AppData\Local\Programs\Python\Python313\Scripts\;C:\Users\samut\AppData\Local\Programs\Python\Python313\;C:\Users\samut\OneDrive\Escritorio\2022\Programación\Pyton\Scripts\;C:\Users\samut\OneDrive\Escritorio\2022\Programación\Pyton\;C:\Users\samut\AppData\Local\Microsoft\WindowsApps;C:\Program Files\JetBrains\PyCharm Community Edition 2024.2\bin;;C:\Program Files (x86)\Java\jdk-17.0.12\bin;C:\Program Files (x86)\Java\jre1.8.0_421\bin;C:\Users\samut\AppData\Local\Muse Hub\lib;C:\Program Files\Graphviz\bin\;C:\Users\samut\AppData\Local\GitHubDesktop\bin;C:\ghcup\bin;C:\Users\samut\AppData\Local\Programs\Microsoft VS Code\bin;C:\Users\samut\AppData\Roaming\cabal\bin;C:\tools\ghc-9.8.2\bin;C:\tools\msys64;C:\Program Files\JetBrains\IntelliJ IDEA 2025.1.1.1\bin;;C:\Users\samut\IntelliJ IDEA Community Edition 2025.1.1.1\bin;;C:\Program Files\Java\jdk-24;C:\Program Files\Git\cmd;C:\msys64\mingw64\bin;C:\Users\samut\AppData\Local\Programs\Antigravity\bin;C:\Users\samut\AppData\Roaming\npm;C:\MinGW\bin;C:\Users\samut\AppData\Local\Programs\Warp\bin;C:\Windows\System32;C:\Users\samut\OneDrive\Escritorio\Programas;
USERNAME=samut
OS=Windows_NT
PROCESSOR_IDENTIFIER=Intel64 Family 6 Model 140 Stepping 1, GenuineIntel
TMP=C:\Users\samut\AppData\Local\Temp
TEMP=C:\Users\samut\AppData\Local\Temp




Periodic native trim disabled

---------------  S Y S T E M  ---------------

OS:
 Windows 11 , 64 bit Build 26100 (10.0.26100.7920)
OS uptime: 2 days 23:52 hours
Hyper-V role detected

CPU: total 8 (initial active 8) (4 cores per cpu, 2 threads per core) family 6 model 140 stepping 1 microcode 0xa4, cx8, cmov, fxsr, ht, mmx, 3dnowpref, sse, sse2, sse3, ssse3, sse4.1, sse4.2, popcnt, lzcnt, tsc, tscinvbit, avx, avx2, aes, erms, clmul, bmi1, bmi2, adx, avx512f, avx512dq, avx512cd, avx512bw, avx512vl, sha, fma, vzeroupper, avx512_vpopcntdq, avx512_vpclmulqdq, avx512_vaes, avx512_vnni, clflush, clflushopt, clwb, avx512_vbmi2, avx512_vbmi, hv, rdtscp, rdpid, fsrm, gfni, avx512_bitalg, f16c, cet_ibt, cet_ss, avx512_ifma
Processor Information for the first 8 processors :
  Max Mhz: 2419, Current Mhz: 2419, Mhz Limit: 2419

Memory: 4k page, system-wide physical 7886M (3125M free)
TotalPageFile size 18643M (AvailPageFile size 5257M)
current process WorkingSet (physical memory assigned to process): 246M, peak: 911M
current process commit charge ("private bytes"): 900M, peak: 909M

vm_info: OpenJDK 64-Bit Server VM (21.0.7+6-LTS) for windows-amd64 JRE (21.0.7+6-LTS), built on 2025-04-15T00:00:00Z by "admin" with MS VC++ 17.7 (VS2022)

END.
